ISO-10303-21;
HEADER;
/* Generated by software containing ST-Developer
 * from STEP Tools, Inc. (www.steptools.com) 
 */

FILE_DESCRIPTION(
/* description */ (''),
/* implementation_level */ '2;1');

FILE_NAME(
/* name */ 'Chassis.step',
/* time_stamp */ '2026-04-07T02:57:33+06:00',
/* author */ (''),
/* organization */ (''),
/* preprocessor_version */ 'ST-DEVELOPER v20.1',
/* originating_system */ 'Autodesk Translation Framework v14.24.0.0',
/* authorisation */ '');

FILE_SCHEMA (('AUTOMOTIVE_DESIGN { 1 0 10303 214 3 1 1 }'));
ENDSEC;

DATA;
#10=MECHANICAL_DESIGN_GEOMETRIC_PRESENTATION_REPRESENTATION('',(#13),#5201);
#11=SHAPE_REPRESENTATION_RELATIONSHIP('SRR','None',#5208,#12);
#12=ADVANCED_BREP_SHAPE_REPRESENTATION('',(#2999),#5200);
#13=STYLED_ITEM('',(#5217),#2999);
#14=CONICAL_SURFACE('',#3185,2.425,0.785398163397448);
#15=CONICAL_SURFACE('',#3191,2.425,0.785398163397448);
#16=CONICAL_SURFACE('',#3197,2.425,0.785398163397448);
#17=CONICAL_SURFACE('',#3203,2.425,0.785398163397448);
#18=CONICAL_SURFACE('',#3209,2.425,0.785398163397448);
#19=CONICAL_SURFACE('',#3215,2.425,0.785398163397448);
#20=CONICAL_SURFACE('',#3221,2.425,0.785398163397448);
#21=CONICAL_SURFACE('',#3227,2.425,0.785398163397448);
#22=(
BOUNDED_SURFACE()
B_SPLINE_SURFACE(5,1,((#4836,#4837),(#4838,#4839),(#4840,#4841),(#4842,
#4843),(#4844,#4845),(#4846,#4847),(#4848,#4849),(#4850,#4851),(#4852,#4853),
(#4854,#4855),(#4856,#4857),(#4858,#4859),(#4860,#4861),(#4862,#4863),(#4864,
#4865)),.UNSPECIFIED.,.F.,.F.,.F.)
B_SPLINE_SURFACE_WITH_KNOTS((6,1,1,1,1,1,1,1,1,1,6),(2,2),(0.,0.1,0.2,0.3,
0.4,0.5,0.6,0.7,0.8,0.9,1.),(0.,0.4),.UNSPECIFIED.)
GEOMETRIC_REPRESENTATION_ITEM()
RATIONAL_B_SPLINE_SURFACE(((1.,1.),(1.,1.),(1.,1.),(1.,1.),(1.,1.),(1.,
1.),(1.,1.),(1.,1.),(1.,1.),(1.,1.),(1.,1.),(1.,1.),(1.,1.),(1.,1.),(1.,
1.)))
REPRESENTATION_ITEM('')
SURFACE()
);
#23=(
BOUNDED_SURFACE()
B_SPLINE_SURFACE(5,1,((#4919,#4920),(#4921,#4922),(#4923,#4924),(#4925,
#4926),(#4927,#4928),(#4929,#4930),(#4931,#4932),(#4933,#4934),(#4935,#4936),
(#4937,#4938),(#4939,#4940),(#4941,#4942),(#4943,#4944),(#4945,#4946),(#4947,
#4948)),.UNSPECIFIED.,.F.,.F.,.F.)
B_SPLINE_SURFACE_WITH_KNOTS((6,1,1,1,1,1,1,1,1,1,6),(2,2),(0.,0.1,0.2,0.3,
0.4,0.5,0.6,0.7,0.8,0.9,1.),(0.,0.4),.UNSPECIFIED.)
GEOMETRIC_REPRESENTATION_ITEM()
RATIONAL_B_SPLINE_SURFACE(((1.,1.),(1.,1.),(1.,1.),(1.,1.),(1.,1.),(1.,
1.),(1.,1.),(1.,1.),(1.,1.),(1.,1.),(1.,1.),(1.,1.),(1.,1.),(1.,1.),(1.,
1.)))
REPRESENTATION_ITEM('')
SURFACE()
);
#24=(
BOUNDED_SURFACE()
B_SPLINE_SURFACE(5,1,((#4966,#4967),(#4968,#4969),(#4970,#4971),(#4972,
#4973),(#4974,#4975),(#4976,#4977),(#4978,#4979),(#4980,#4981),(#4982,#4983),
(#4984,#4985),(#4986,#4987),(#4988,#4989),(#4990,#4991),(#4992,#4993),(#4994,
#4995)),.UNSPECIFIED.,.F.,.F.,.F.)
B_SPLINE_SURFACE_WITH_KNOTS((6,1,1,1,1,1,1,1,1,1,6),(2,2),(0.,0.1,0.2,0.3,
0.4,0.5,0.6,0.7,0.8,0.9,1.),(0.,0.4),.UNSPECIFIED.)
GEOMETRIC_REPRESENTATION_ITEM()
RATIONAL_B_SPLINE_SURFACE(((1.,1.),(1.,1.),(1.,1.),(1.,1.),(1.,1.),(1.,
1.),(1.,1.),(1.,1.),(1.,1.),(1.,1.),(1.,1.),(1.,1.),(1.,1.),(1.,1.),(1.,
1.)))
REPRESENTATION_ITEM('')
SURFACE()
);
#25=(
BOUNDED_CURVE()
B_SPLINE_CURVE(5,(#4702,#4703,#4704,#4705,#4706,#4707,#4708,#4709,#4710,
#4711,#4712,#4713,#4714,#4715,#4716),.UNSPECIFIED.,.F.,.F.)
B_SPLINE_CURVE_WITH_KNOTS((6,1,1,1,1,1,1,1,1,1,6),(0.,0.1,0.2,0.3,0.4,0.5,
0.6,0.7,0.8,0.9,1.),.UNSPECIFIED.)
CURVE()
GEOMETRIC_REPRESENTATION_ITEM()
RATIONAL_B_SPLINE_CURVE((1.,1.,1.,1.,1.,1.,1.,1.,1.,1.,1.,1.,1.,1.,1.))
REPRESENTATION_ITEM('')
);
#26=(
BOUNDED_CURVE()
B_SPLINE_CURVE(5,(#4756,#4757,#4758,#4759,#4760,#4761,#4762,#4763,#4764,
#4765,#4766,#4767,#4768,#4769,#4770),.UNSPECIFIED.,.F.,.F.)
B_SPLINE_CURVE_WITH_KNOTS((6,1,1,1,1,1,1,1,1,1,6),(0.,0.1,0.2,0.3,0.4,0.5,
0.6,0.7,0.8,0.9,1.),.UNSPECIFIED.)
CURVE()
GEOMETRIC_REPRESENTATION_ITEM()
RATIONAL_B_SPLINE_CURVE((1.,1.,1.,1.,1.,1.,1.,1.,1.,1.,1.,1.,1.,1.,1.))
REPRESENTATION_ITEM('')
);
#27=(
BOUNDED_CURVE()
B_SPLINE_CURVE(5,(#4782,#4783,#4784,#4785,#4786,#4787,#4788,#4789,#4790,
#4791,#4792,#4793,#4794,#4795,#4796),.UNSPECIFIED.,.F.,.F.)
B_SPLINE_CURVE_WITH_KNOTS((6,1,1,1,1,1,1,1,1,1,6),(0.,0.1,0.2,0.3,0.4,0.5,
0.6,0.7,0.8,0.9,1.),.UNSPECIFIED.)
CURVE()
GEOMETRIC_REPRESENTATION_ITEM()
RATIONAL_B_SPLINE_CURVE((1.,1.,1.,1.,1.,1.,1.,1.,1.,1.,1.,1.,1.,1.,1.))
REPRESENTATION_ITEM('')
);
#28=(
BOUNDED_CURVE()
B_SPLINE_CURVE(5,(#4821,#4822,#4823,#4824,#4825,#4826,#4827,#4828,#4829,
#4830,#4831,#4832,#4833,#4834,#4835),.UNSPECIFIED.,.F.,.F.)
B_SPLINE_CURVE_WITH_KNOTS((6,1,1,1,1,1,1,1,1,1,6),(0.,0.1,0.2,0.3,0.4,0.5,
0.6,0.7,0.8,0.9,1.),.UNSPECIFIED.)
CURVE()
GEOMETRIC_REPRESENTATION_ITEM()
RATIONAL_B_SPLINE_CURVE((1.,1.,1.,1.,1.,1.,1.,1.,1.,1.,1.,1.,1.,1.,1.))
REPRESENTATION_ITEM('')
);
#29=(
BOUNDED_CURVE()
B_SPLINE_CURVE(5,(#4904,#4905,#4906,#4907,#4908,#4909,#4910,#4911,#4912,
#4913,#4914,#4915,#4916,#4917,#4918),.UNSPECIFIED.,.F.,.F.)
B_SPLINE_CURVE_WITH_KNOTS((6,1,1,1,1,1,1,1,1,1,6),(0.,0.1,0.2,0.3,0.4,0.5,
0.6,0.7,0.8,0.9,1.),.UNSPECIFIED.)
CURVE()
GEOMETRIC_REPRESENTATION_ITEM()
RATIONAL_B_SPLINE_CURVE((1.,1.,1.,1.,1.,1.,1.,1.,1.,1.,1.,1.,1.,1.,1.))
REPRESENTATION_ITEM('')
);
#30=(
BOUNDED_CURVE()
B_SPLINE_CURVE(5,(#4951,#4952,#4953,#4954,#4955,#4956,#4957,#4958,#4959,
#4960,#4961,#4962,#4963,#4964,#4965),.UNSPECIFIED.,.F.,.F.)
B_SPLINE_CURVE_WITH_KNOTS((6,1,1,1,1,1,1,1,1,1,6),(0.,0.1,0.2,0.3,0.4,0.5,
0.6,0.7,0.8,0.9,1.),.UNSPECIFIED.)
CURVE()
GEOMETRIC_REPRESENTATION_ITEM()
RATIONAL_B_SPLINE_CURVE((1.,1.,1.,1.,1.,1.,1.,1.,1.,1.,1.,1.,1.,1.,1.))
REPRESENTATION_ITEM('')
);
#31=TOROIDAL_SURFACE('',#3031,4.5,2.);
#32=TOROIDAL_SURFACE('',#3036,4.5,2.);
#33=TOROIDAL_SURFACE('',#3136,7.,2.);
#34=TOROIDAL_SURFACE('',#3147,7.,2.);
#35=TOROIDAL_SURFACE('',#3153,7.,2.);
#36=TOROIDAL_SURFACE('',#3159,7.,2.);
#37=TOROIDAL_SURFACE('',#3165,7.,2.);
#38=TOROIDAL_SURFACE('',#3170,7.,2.);
#39=TOROIDAL_SURFACE('',#3175,7.,2.);
#40=TOROIDAL_SURFACE('',#3180,7.,2.);
#41=FACE_BOUND('',#391,.T.);
#42=FACE_BOUND('',#392,.T.);
#43=FACE_BOUND('',#398,.T.);
#44=FACE_BOUND('',#399,.T.);
#45=FACE_BOUND('',#474,.T.);
#46=FACE_BOUND('',#475,.T.);
#47=FACE_BOUND('',#476,.T.);
#48=FACE_BOUND('',#478,.T.);
#49=FACE_BOUND('',#479,.T.);
#50=FACE_BOUND('',#480,.T.);
#51=FACE_BOUND('',#481,.T.);
#52=FACE_BOUND('',#482,.T.);
#53=FACE_BOUND('',#483,.T.);
#54=FACE_BOUND('',#485,.T.);
#55=FACE_BOUND('',#486,.T.);
#56=FACE_BOUND('',#487,.T.);
#57=FACE_BOUND('',#489,.T.);
#58=FACE_BOUND('',#490,.T.);
#59=FACE_BOUND('',#491,.T.);
#60=FACE_BOUND('',#492,.T.);
#61=FACE_BOUND('',#493,.T.);
#62=FACE_BOUND('',#494,.T.);
#63=FACE_BOUND('',#498,.T.);
#64=FACE_BOUND('',#499,.T.);
#65=FACE_BOUND('',#500,.T.);
#66=FACE_BOUND('',#501,.T.);
#67=FACE_BOUND('',#502,.T.);
#68=FACE_BOUND('',#503,.T.);
#69=FACE_BOUND('',#510,.T.);
#70=FACE_BOUND('',#511,.T.);
#71=FACE_BOUND('',#515,.T.);
#72=FACE_BOUND('',#516,.T.);
#73=FACE_BOUND('',#520,.T.);
#74=FACE_BOUND('',#521,.T.);
#75=FACE_BOUND('',#522,.T.);
#76=FACE_BOUND('',#523,.T.);
#77=FACE_BOUND('',#524,.T.);
#78=FACE_BOUND('',#525,.T.);
#79=FACE_BOUND('',#534,.T.);
#80=FACE_BOUND('',#535,.T.);
#81=FACE_BOUND('',#536,.T.);
#82=FACE_BOUND('',#537,.T.);
#83=FACE_BOUND('',#578,.T.);
#84=FACE_BOUND('',#580,.T.);
#85=FACE_BOUND('',#582,.T.);
#86=FACE_BOUND('',#584,.T.);
#87=FACE_BOUND('',#586,.T.);
#88=FACE_BOUND('',#588,.T.);
#89=FACE_BOUND('',#590,.T.);
#90=FACE_BOUND('',#592,.T.);
#91=FACE_BOUND('',#595,.T.);
#92=FACE_BOUND('',#596,.T.);
#93=FACE_BOUND('',#597,.T.);
#94=FACE_BOUND('',#600,.T.);
#95=FACE_BOUND('',#601,.T.);
#96=FACE_BOUND('',#602,.T.);
#97=B_SPLINE_SURFACE_WITH_KNOTS('',3,3,((#4057,#4058,#4059,#4060,#4061,
#4062,#4063,#4064,#4065,#4066,#4067,#4068),(#4069,#4070,#4071,#4072,#4073,
#4074,#4075,#4076,#4077,#4078,#4079,#4080),(#4081,#4082,#4083,#4084,#4085,
#4086,#4087,#4088,#4089,#4090,#4091,#4092),(#4093,#4094,#4095,#4096,#4097,
#4098,#4099,#4100,#4101,#4102,#4103,#4104),(#4105,#4106,#4107,#4108,#4109,
#4110,#4111,#4112,#4113,#4114,#4115,#4116),(#4117,#4118,#4119,#4120,#4121,
#4122,#4123,#4124,#4125,#4126,#4127,#4128)),.UNSPECIFIED.,.F.,.T.,.F.,(4,
1,1,4),(4,1,1,1,1,1,1,1,1,4),(0.,0.285714285714286,0.571428571428571,1.),
(-3.14159265358979,-2.69279370307697,-2.24399475256414,-1.34639685153848,
-0.448798950512828,0.448798950512828,1.34639685153848,2.24399475256414,
2.69279370307697,3.14159265358979),.UNSPECIFIED.);
#98=B_SPLINE_SURFACE_WITH_KNOTS('',3,3,((#4151,#4152,#4153,#4154,#4155,
#4156,#4157,#4158,#4159,#4160,#4161,#4162),(#4163,#4164,#4165,#4166,#4167,
#4168,#4169,#4170,#4171,#4172,#4173,#4174),(#4175,#4176,#4177,#4178,#4179,
#4180,#4181,#4182,#4183,#4184,#4185,#4186),(#4187,#4188,#4189,#4190,#4191,
#4192,#4193,#4194,#4195,#4196,#4197,#4198),(#4199,#4200,#4201,#4202,#4203,
#4204,#4205,#4206,#4207,#4208,#4209,#4210),(#4211,#4212,#4213,#4214,#4215,
#4216,#4217,#4218,#4219,#4220,#4221,#4222)),.UNSPECIFIED.,.F.,.T.,.F.,(4,
1,1,4),(4,1,1,1,1,1,1,1,1,4),(0.,0.285714285714286,0.571428571428571,1.),
(-3.14159265358979,-2.69279370307697,-2.24399475256414,-1.34639685153848,
-0.448798950512828,0.448798950512828,1.34639685153848,2.24399475256414,
2.69279370307697,3.14159265358979),.UNSPECIFIED.);
#99=ORIENTED_CLOSED_SHELL('',*,#2996,.F.);
#100=ORIENTED_CLOSED_SHELL('',*,#2998,.F.);
#101=PLANE('',#3016);
#102=PLANE('',#3017);
#103=PLANE('',#3021);
#104=PLANE('',#3034);
#105=PLANE('',#3038);
#106=PLANE('',#3039);
#107=PLANE('',#3040);
#108=PLANE('',#3041);
#109=PLANE('',#3042);
#110=PLANE('',#3043);
#111=PLANE('',#3044);
#112=PLANE('',#3045);
#113=PLANE('',#3046);
#114=PLANE('',#3047);
#115=PLANE('',#3048);
#116=PLANE('',#3049);
#117=PLANE('',#3050);
#118=PLANE('',#3051);
#119=PLANE('',#3052);
#120=PLANE('',#3053);
#121=PLANE('',#3054);
#122=PLANE('',#3055);
#123=PLANE('',#3056);
#124=PLANE('',#3057);
#125=PLANE('',#3058);
#126=PLANE('',#3059);
#127=PLANE('',#3060);
#128=PLANE('',#3061);
#129=PLANE('',#3062);
#130=PLANE('',#3063);
#131=PLANE('',#3064);
#132=PLANE('',#3065);
#133=PLANE('',#3066);
#134=PLANE('',#3067);
#135=PLANE('',#3068);
#136=PLANE('',#3069);
#137=PLANE('',#3070);
#138=PLANE('',#3071);
#139=PLANE('',#3072);
#140=PLANE('',#3073);
#141=PLANE('',#3074);
#142=PLANE('',#3075);
#143=PLANE('',#3076);
#144=PLANE('',#3077);
#145=PLANE('',#3078);
#146=PLANE('',#3079);
#147=PLANE('',#3080);
#148=PLANE('',#3081);
#149=PLANE('',#3082);
#150=PLANE('',#3083);
#151=PLANE('',#3084);
#152=PLANE('',#3085);
#153=PLANE('',#3086);
#154=PLANE('',#3087);
#155=PLANE('',#3088);
#156=PLANE('',#3089);
#157=PLANE('',#3090);
#158=PLANE('',#3091);
#159=PLANE('',#3092);
#160=PLANE('',#3093);
#161=PLANE('',#3094);
#162=PLANE('',#3095);
#163=PLANE('',#3096);
#164=PLANE('',#3097);
#165=PLANE('',#3098);
#166=PLANE('',#3099);
#167=PLANE('',#3100);
#168=PLANE('',#3101);
#169=PLANE('',#3102);
#170=PLANE('',#3103);
#171=PLANE('',#3104);
#172=PLANE('',#3105);
#173=PLANE('',#3106);
#174=PLANE('',#3107);
#175=PLANE('',#3108);
#176=PLANE('',#3109);
#177=PLANE('',#3110);
#178=PLANE('',#3111);
#179=PLANE('',#3112);
#180=PLANE('',#3113);
#181=PLANE('',#3114);
#182=PLANE('',#3115);
#183=PLANE('',#3116);
#184=PLANE('',#3117);
#185=PLANE('',#3118);
#186=PLANE('',#3119);
#187=PLANE('',#3120);
#188=PLANE('',#3121);
#189=PLANE('',#3122);
#190=PLANE('',#3125);
#191=PLANE('',#3126);
#192=PLANE('',#3129);
#193=PLANE('',#3130);
#194=PLANE('',#3131);
#195=PLANE('',#3132);
#196=PLANE('',#3133);
#197=PLANE('',#3134);
#198=PLANE('',#3135);
#199=PLANE('',#3141);
#200=PLANE('',#3190);
#201=PLANE('',#3196);
#202=PLANE('',#3202);
#203=PLANE('',#3208);
#204=PLANE('',#3214);
#205=PLANE('',#3220);
#206=PLANE('',#3226);
#207=PLANE('',#3232);
#208=PLANE('',#3233);
#209=PLANE('',#3234);
#210=PLANE('',#3235);
#211=PLANE('',#3236);
#212=PLANE('',#3237);
#213=PLANE('',#3238);
#214=PLANE('',#3239);
#215=PLANE('',#3240);
#216=PLANE('',#3241);
#217=PLANE('',#3242);
#218=PLANE('',#3243);
#219=PLANE('',#3244);
#220=PLANE('',#3248);
#221=PLANE('',#3249);
#222=FACE_OUTER_BOUND('',#386,.T.);
#223=FACE_OUTER_BOUND('',#387,.T.);
#224=FACE_OUTER_BOUND('',#388,.T.);
#225=FACE_OUTER_BOUND('',#389,.T.);
#226=FACE_OUTER_BOUND('',#390,.T.);
#227=FACE_OUTER_BOUND('',#393,.T.);
#228=FACE_OUTER_BOUND('',#394,.T.);
#229=FACE_OUTER_BOUND('',#395,.T.);
#230=FACE_OUTER_BOUND('',#396,.T.);
#231=FACE_OUTER_BOUND('',#397,.T.);
#232=FACE_OUTER_BOUND('',#400,.T.);
#233=FACE_OUTER_BOUND('',#401,.T.);
#234=FACE_OUTER_BOUND('',#402,.T.);
#235=FACE_OUTER_BOUND('',#403,.T.);
#236=FACE_OUTER_BOUND('',#404,.T.);
#237=FACE_OUTER_BOUND('',#405,.T.);
#238=FACE_OUTER_BOUND('',#406,.T.);
#239=FACE_OUTER_BOUND('',#407,.T.);
#240=FACE_OUTER_BOUND('',#408,.T.);
#241=FACE_OUTER_BOUND('',#409,.T.);
#242=FACE_OUTER_BOUND('',#410,.T.);
#243=FACE_OUTER_BOUND('',#411,.T.);
#244=FACE_OUTER_BOUND('',#412,.T.);
#245=FACE_OUTER_BOUND('',#413,.T.);
#246=FACE_OUTER_BOUND('',#414,.T.);
#247=FACE_OUTER_BOUND('',#415,.T.);
#248=FACE_OUTER_BOUND('',#416,.T.);
#249=FACE_OUTER_BOUND('',#417,.T.);
#250=FACE_OUTER_BOUND('',#418,.T.);
#251=FACE_OUTER_BOUND('',#419,.T.);
#252=FACE_OUTER_BOUND('',#420,.T.);
#253=FACE_OUTER_BOUND('',#421,.T.);
#254=FACE_OUTER_BOUND('',#422,.T.);
#255=FACE_OUTER_BOUND('',#423,.T.);
#256=FACE_OUTER_BOUND('',#424,.T.);
#257=FACE_OUTER_BOUND('',#425,.T.);
#258=FACE_OUTER_BOUND('',#426,.T.);
#259=FACE_OUTER_BOUND('',#427,.T.);
#260=FACE_OUTER_BOUND('',#428,.T.);
#261=FACE_OUTER_BOUND('',#429,.T.);
#262=FACE_OUTER_BOUND('',#430,.T.);
#263=FACE_OUTER_BOUND('',#431,.T.);
#264=FACE_OUTER_BOUND('',#432,.T.);
#265=FACE_OUTER_BOUND('',#433,.T.);
#266=FACE_OUTER_BOUND('',#434,.T.);
#267=FACE_OUTER_BOUND('',#435,.T.);
#268=FACE_OUTER_BOUND('',#436,.T.);
#269=FACE_OUTER_BOUND('',#437,.T.);
#270=FACE_OUTER_BOUND('',#438,.T.);
#271=FACE_OUTER_BOUND('',#439,.T.);
#272=FACE_OUTER_BOUND('',#440,.T.);
#273=FACE_OUTER_BOUND('',#441,.T.);
#274=FACE_OUTER_BOUND('',#442,.T.);
#275=FACE_OUTER_BOUND('',#443,.T.);
#276=FACE_OUTER_BOUND('',#444,.T.);
#277=FACE_OUTER_BOUND('',#445,.T.);
#278=FACE_OUTER_BOUND('',#446,.T.);
#279=FACE_OUTER_BOUND('',#447,.T.);
#280=FACE_OUTER_BOUND('',#448,.T.);
#281=FACE_OUTER_BOUND('',#449,.T.);
#282=FACE_OUTER_BOUND('',#450,.T.);
#283=FACE_OUTER_BOUND('',#451,.T.);
#284=FACE_OUTER_BOUND('',#452,.T.);
#285=FACE_OUTER_BOUND('',#453,.T.);
#286=FACE_OUTER_BOUND('',#454,.T.);
#287=FACE_OUTER_BOUND('',#455,.T.);
#288=FACE_OUTER_BOUND('',#456,.T.);
#289=FACE_OUTER_BOUND('',#457,.T.);
#290=FACE_OUTER_BOUND('',#458,.T.);
#291=FACE_OUTER_BOUND('',#459,.T.);
#292=FACE_OUTER_BOUND('',#460,.T.);
#293=FACE_OUTER_BOUND('',#461,.T.);
#294=FACE_OUTER_BOUND('',#462,.T.);
#295=FACE_OUTER_BOUND('',#463,.T.);
#296=FACE_OUTER_BOUND('',#464,.T.);
#297=FACE_OUTER_BOUND('',#465,.T.);
#298=FACE_OUTER_BOUND('',#466,.T.);
#299=FACE_OUTER_BOUND('',#467,.T.);
#300=FACE_OUTER_BOUND('',#468,.T.);
#301=FACE_OUTER_BOUND('',#469,.T.);
#302=FACE_OUTER_BOUND('',#470,.T.);
#303=FACE_OUTER_BOUND('',#471,.T.);
#304=FACE_OUTER_BOUND('',#472,.T.);
#305=FACE_OUTER_BOUND('',#473,.T.);
#306=FACE_OUTER_BOUND('',#477,.T.);
#307=FACE_OUTER_BOUND('',#484,.T.);
#308=FACE_OUTER_BOUND('',#488,.T.);
#309=FACE_OUTER_BOUND('',#495,.T.);
#310=FACE_OUTER_BOUND('',#496,.T.);
#311=FACE_OUTER_BOUND('',#497,.T.);
#312=FACE_OUTER_BOUND('',#504,.T.);
#313=FACE_OUTER_BOUND('',#505,.T.);
#314=FACE_OUTER_BOUND('',#506,.T.);
#315=FACE_OUTER_BOUND('',#507,.T.);
#316=FACE_OUTER_BOUND('',#508,.T.);
#317=FACE_OUTER_BOUND('',#509,.T.);
#318=FACE_OUTER_BOUND('',#512,.T.);
#319=FACE_OUTER_BOUND('',#513,.T.);
#320=FACE_OUTER_BOUND('',#514,.T.);
#321=FACE_OUTER_BOUND('',#517,.T.);
#322=FACE_OUTER_BOUND('',#518,.T.);
#323=FACE_OUTER_BOUND('',#519,.T.);
#324=FACE_OUTER_BOUND('',#526,.T.);
#325=FACE_OUTER_BOUND('',#527,.T.);
#326=FACE_OUTER_BOUND('',#528,.T.);
#327=FACE_OUTER_BOUND('',#529,.T.);
#328=FACE_OUTER_BOUND('',#530,.T.);
#329=FACE_OUTER_BOUND('',#531,.T.);
#330=FACE_OUTER_BOUND('',#532,.T.);
#331=FACE_OUTER_BOUND('',#533,.T.);
#332=FACE_OUTER_BOUND('',#538,.T.);
#333=FACE_OUTER_BOUND('',#539,.T.);
#334=FACE_OUTER_BOUND('',#540,.T.);
#335=FACE_OUTER_BOUND('',#541,.T.);
#336=FACE_OUTER_BOUND('',#542,.T.);
#337=FACE_OUTER_BOUND('',#543,.T.);
#338=FACE_OUTER_BOUND('',#544,.T.);
#339=FACE_OUTER_BOUND('',#545,.T.);
#340=FACE_OUTER_BOUND('',#546,.T.);
#341=FACE_OUTER_BOUND('',#547,.T.);
#342=FACE_OUTER_BOUND('',#548,.T.);
#343=FACE_OUTER_BOUND('',#549,.T.);
#344=FACE_OUTER_BOUND('',#550,.T.);
#345=FACE_OUTER_BOUND('',#551,.T.);
#346=FACE_OUTER_BOUND('',#552,.T.);
#347=FACE_OUTER_BOUND('',#553,.T.);
#348=FACE_OUTER_BOUND('',#554,.T.);
#349=FACE_OUTER_BOUND('',#555,.T.);
#350=FACE_OUTER_BOUND('',#556,.T.);
#351=FACE_OUTER_BOUND('',#557,.T.);
#352=FACE_OUTER_BOUND('',#558,.T.);
#353=FACE_OUTER_BOUND('',#559,.T.);
#354=FACE_OUTER_BOUND('',#560,.T.);
#355=FACE_OUTER_BOUND('',#561,.T.);
#356=FACE_OUTER_BOUND('',#562,.T.);
#357=FACE_OUTER_BOUND('',#563,.T.);
#358=FACE_OUTER_BOUND('',#564,.T.);
#359=FACE_OUTER_BOUND('',#565,.T.);
#360=FACE_OUTER_BOUND('',#566,.T.);
#361=FACE_OUTER_BOUND('',#567,.T.);
#362=FACE_OUTER_BOUND('',#568,.T.);
#363=FACE_OUTER_BOUND('',#569,.T.);
#364=FACE_OUTER_BOUND('',#570,.T.);
#365=FACE_OUTER_BOUND('',#571,.T.);
#366=FACE_OUTER_BOUND('',#572,.T.);
#367=FACE_OUTER_BOUND('',#573,.T.);
#368=FACE_OUTER_BOUND('',#574,.T.);
#369=FACE_OUTER_BOUND('',#575,.T.);
#370=FACE_OUTER_BOUND('',#576,.T.);
#371=FACE_OUTER_BOUND('',#577,.T.);
#372=FACE_OUTER_BOUND('',#579,.T.);
#373=FACE_OUTER_BOUND('',#581,.T.);
#374=FACE_OUTER_BOUND('',#583,.T.);
#375=FACE_OUTER_BOUND('',#585,.T.);
#376=FACE_OUTER_BOUND('',#587,.T.);
#377=FACE_OUTER_BOUND('',#589,.T.);
#378=FACE_OUTER_BOUND('',#591,.T.);
#379=FACE_OUTER_BOUND('',#593,.T.);
#380=FACE_OUTER_BOUND('',#594,.T.);
#381=FACE_OUTER_BOUND('',#598,.T.);
#382=FACE_OUTER_BOUND('',#599,.T.);
#383=FACE_OUTER_BOUND('',#603,.T.);
#384=FACE_OUTER_BOUND('',#604,.T.);
#385=FACE_OUTER_BOUND('',#605,.T.);
#386=EDGE_LOOP('',(#2000,#2001,#2002,#2003));
#387=EDGE_LOOP('',(#2004));
#388=EDGE_LOOP('',(#2005));
#389=EDGE_LOOP('',(#2006,#2007,#2008,#2009));
#390=EDGE_LOOP('',(#2010,#2011,#2012,#2013));
#391=EDGE_LOOP('',(#2014));
#392=EDGE_LOOP('',(#2015));
#393=EDGE_LOOP('',(#2016,#2017,#2018,#2019,#2020));
#394=EDGE_LOOP('',(#2021,#2022,#2023,#2024));
#395=EDGE_LOOP('',(#2025,#2026,#2027,#2028,#2029));
#396=EDGE_LOOP('',(#2030,#2031,#2032,#2033,#2034));
#397=EDGE_LOOP('',(#2035,#2036,#2037,#2038));
#398=EDGE_LOOP('',(#2039));
#399=EDGE_LOOP('',(#2040));
#400=EDGE_LOOP('',(#2041,#2042,#2043,#2044,#2045));
#401=EDGE_LOOP('',(#2046,#2047,#2048,#2049));
#402=EDGE_LOOP('',(#2050,#2051,#2052,#2053));
#403=EDGE_LOOP('',(#2054,#2055,#2056,#2057));
#404=EDGE_LOOP('',(#2058,#2059,#2060,#2061));
#405=EDGE_LOOP('',(#2062,#2063,#2064,#2065));
#406=EDGE_LOOP('',(#2066,#2067,#2068,#2069));
#407=EDGE_LOOP('',(#2070,#2071,#2072,#2073));
#408=EDGE_LOOP('',(#2074,#2075,#2076,#2077));
#409=EDGE_LOOP('',(#2078,#2079,#2080,#2081));
#410=EDGE_LOOP('',(#2082,#2083,#2084,#2085));
#411=EDGE_LOOP('',(#2086,#2087,#2088,#2089));
#412=EDGE_LOOP('',(#2090,#2091,#2092,#2093));
#413=EDGE_LOOP('',(#2094,#2095,#2096,#2097));
#414=EDGE_LOOP('',(#2098,#2099,#2100,#2101));
#415=EDGE_LOOP('',(#2102,#2103,#2104,#2105));
#416=EDGE_LOOP('',(#2106,#2107,#2108,#2109));
#417=EDGE_LOOP('',(#2110,#2111,#2112,#2113));
#418=EDGE_LOOP('',(#2114,#2115,#2116,#2117));
#419=EDGE_LOOP('',(#2118,#2119,#2120,#2121));
#420=EDGE_LOOP('',(#2122,#2123,#2124,#2125));
#421=EDGE_LOOP('',(#2126,#2127,#2128,#2129));
#422=EDGE_LOOP('',(#2130,#2131,#2132,#2133));
#423=EDGE_LOOP('',(#2134,#2135,#2136,#2137));
#424=EDGE_LOOP('',(#2138,#2139,#2140,#2141));
#425=EDGE_LOOP('',(#2142,#2143,#2144,#2145));
#426=EDGE_LOOP('',(#2146,#2147,#2148,#2149));
#427=EDGE_LOOP('',(#2150,#2151,#2152,#2153));
#428=EDGE_LOOP('',(#2154,#2155,#2156,#2157));
#429=EDGE_LOOP('',(#2158,#2159,#2160,#2161));
#430=EDGE_LOOP('',(#2162,#2163,#2164,#2165));
#431=EDGE_LOOP('',(#2166,#2167,#2168,#2169));
#432=EDGE_LOOP('',(#2170,#2171,#2172,#2173));
#433=EDGE_LOOP('',(#2174,#2175,#2176,#2177));
#434=EDGE_LOOP('',(#2178,#2179,#2180,#2181));
#435=EDGE_LOOP('',(#2182,#2183,#2184,#2185));
#436=EDGE_LOOP('',(#2186,#2187,#2188,#2189));
#437=EDGE_LOOP('',(#2190,#2191,#2192,#2193));
#438=EDGE_LOOP('',(#2194,#2195,#2196,#2197));
#439=EDGE_LOOP('',(#2198,#2199,#2200,#2201));
#440=EDGE_LOOP('',(#2202,#2203,#2204,#2205));
#441=EDGE_LOOP('',(#2206,#2207,#2208,#2209));
#442=EDGE_LOOP('',(#2210,#2211,#2212,#2213));
#443=EDGE_LOOP('',(#2214,#2215,#2216,#2217));
#444=EDGE_LOOP('',(#2218,#2219,#2220,#2221));
#445=EDGE_LOOP('',(#2222,#2223,#2224,#2225));
#446=EDGE_LOOP('',(#2226,#2227,#2228,#2229));
#447=EDGE_LOOP('',(#2230,#2231,#2232,#2233));
#448=EDGE_LOOP('',(#2234,#2235,#2236,#2237));
#449=EDGE_LOOP('',(#2238,#2239,#2240,#2241));
#450=EDGE_LOOP('',(#2242,#2243,#2244,#2245));
#451=EDGE_LOOP('',(#2246,#2247,#2248,#2249));
#452=EDGE_LOOP('',(#2250,#2251,#2252,#2253));
#453=EDGE_LOOP('',(#2254,#2255,#2256,#2257));
#454=EDGE_LOOP('',(#2258,#2259,#2260,#2261));
#455=EDGE_LOOP('',(#2262,#2263,#2264,#2265));
#456=EDGE_LOOP('',(#2266,#2267,#2268,#2269));
#457=EDGE_LOOP('',(#2270,#2271,#2272,#2273));
#458=EDGE_LOOP('',(#2274,#2275,#2276,#2277));
#459=EDGE_LOOP('',(#2278,#2279,#2280,#2281));
#460=EDGE_LOOP('',(#2282,#2283,#2284,#2285));
#461=EDGE_LOOP('',(#2286,#2287,#2288,#2289));
#462=EDGE_LOOP('',(#2290,#2291,#2292,#2293));
#463=EDGE_LOOP('',(#2294,#2295,#2296,#2297));
#464=EDGE_LOOP('',(#2298,#2299,#2300,#2301));
#465=EDGE_LOOP('',(#2302,#2303,#2304,#2305));
#466=EDGE_LOOP('',(#2306,#2307,#2308,#2309));
#467=EDGE_LOOP('',(#2310,#2311,#2312,#2313));
#468=EDGE_LOOP('',(#2314,#2315,#2316,#2317));
#469=EDGE_LOOP('',(#2318,#2319,#2320,#2321));
#470=EDGE_LOOP('',(#2322,#2323,#2324,#2325));
#471=EDGE_LOOP('',(#2326,#2327,#2328,#2329));
#472=EDGE_LOOP('',(#2330,#2331,#2332,#2333));
#473=EDGE_LOOP('',(#2334,#2335,#2336,#2337));
#474=EDGE_LOOP('',(#2338,#2339,#2340,#2341));
#475=EDGE_LOOP('',(#2342,#2343,#2344,#2345));
#476=EDGE_LOOP('',(#2346,#2347,#2348,#2349));
#477=EDGE_LOOP('',(#2350,#2351,#2352,#2353));
#478=EDGE_LOOP('',(#2354,#2355,#2356,#2357));
#479=EDGE_LOOP('',(#2358,#2359,#2360,#2361));
#480=EDGE_LOOP('',(#2362,#2363,#2364,#2365));
#481=EDGE_LOOP('',(#2366,#2367,#2368,#2369));
#482=EDGE_LOOP('',(#2370,#2371,#2372,#2373));
#483=EDGE_LOOP('',(#2374,#2375,#2376,#2377));
#484=EDGE_LOOP('',(#2378,#2379,#2380,#2381));
#485=EDGE_LOOP('',(#2382,#2383,#2384,#2385));
#486=EDGE_LOOP('',(#2386,#2387,#2388,#2389));
#487=EDGE_LOOP('',(#2390,#2391,#2392,#2393));
#488=EDGE_LOOP('',(#2394,#2395,#2396,#2397));
#489=EDGE_LOOP('',(#2398,#2399,#2400,#2401));
#490=EDGE_LOOP('',(#2402,#2403,#2404,#2405));
#491=EDGE_LOOP('',(#2406,#2407,#2408,#2409));
#492=EDGE_LOOP('',(#2410,#2411,#2412,#2413));
#493=EDGE_LOOP('',(#2414,#2415,#2416,#2417));
#494=EDGE_LOOP('',(#2418,#2419,#2420,#2421));
#495=EDGE_LOOP('',(#2422,#2423,#2424,#2425));
#496=EDGE_LOOP('',(#2426,#2427,#2428,#2429,#2430));
#497=EDGE_LOOP('',(#2431,#2432,#2433,#2434,#2435,#2436,#2437,#2438,#2439,
#2440,#2441,#2442,#2443,#2444,#2445,#2446));
#498=EDGE_LOOP('',(#2447,#2448,#2449,#2450));
#499=EDGE_LOOP('',(#2451,#2452,#2453,#2454));
#500=EDGE_LOOP('',(#2455,#2456,#2457,#2458));
#501=EDGE_LOOP('',(#2459,#2460,#2461,#2462));
#502=EDGE_LOOP('',(#2463,#2464,#2465,#2466));
#503=EDGE_LOOP('',(#2467,#2468,#2469,#2470));
#504=EDGE_LOOP('',(#2471,#2472,#2473,#2474));
#505=EDGE_LOOP('',(#2475,#2476,#2477,#2478,#2479));
#506=EDGE_LOOP('',(#2480,#2481,#2482,#2483));
#507=EDGE_LOOP('',(#2484,#2485,#2486,#2487,#2488));
#508=EDGE_LOOP('',(#2489,#2490,#2491,#2492));
#509=EDGE_LOOP('',(#2493,#2494,#2495,#2496));
#510=EDGE_LOOP('',(#2497));
#511=EDGE_LOOP('',(#2498));
#512=EDGE_LOOP('',(#2499,#2500,#2501,#2502,#2503));
#513=EDGE_LOOP('',(#2504,#2505,#2506,#2507));
#514=EDGE_LOOP('',(#2508,#2509,#2510,#2511));
#515=EDGE_LOOP('',(#2512));
#516=EDGE_LOOP('',(#2513));
#517=EDGE_LOOP('',(#2514,#2515,#2516,#2517,#2518,#2519,#2520,#2521,#2522,
#2523,#2524,#2525,#2526,#2527,#2528,#2529));
#518=EDGE_LOOP('',(#2530,#2531,#2532,#2533));
#519=EDGE_LOOP('',(#2534,#2535,#2536,#2537));
#520=EDGE_LOOP('',(#2538,#2539,#2540,#2541));
#521=EDGE_LOOP('',(#2542,#2543,#2544,#2545));
#522=EDGE_LOOP('',(#2546,#2547,#2548,#2549));
#523=EDGE_LOOP('',(#2550,#2551,#2552,#2553));
#524=EDGE_LOOP('',(#2554,#2555,#2556,#2557));
#525=EDGE_LOOP('',(#2558,#2559,#2560,#2561));
#526=EDGE_LOOP('',(#2562,#2563,#2564,#2565,#2566));
#527=EDGE_LOOP('',(#2567,#2568,#2569,#2570));
#528=EDGE_LOOP('',(#2571,#2572,#2573,#2574));
#529=EDGE_LOOP('',(#2575,#2576,#2577,#2578,#2579));
#530=EDGE_LOOP('',(#2580,#2581,#2582,#2583));
#531=EDGE_LOOP('',(#2584,#2585,#2586,#2587));
#532=EDGE_LOOP('',(#2588,#2589,#2590,#2591,#2592));
#533=EDGE_LOOP('',(#2593,#2594,#2595,#2596));
#534=EDGE_LOOP('',(#2597));
#535=EDGE_LOOP('',(#2598));
#536=EDGE_LOOP('',(#2599));
#537=EDGE_LOOP('',(#2600));
#538=EDGE_LOOP('',(#2601,#2602,#2603,#2604,#2605));
#539=EDGE_LOOP('',(#2606,#2607,#2608,#2609,#2610));
#540=EDGE_LOOP('',(#2611,#2612,#2613,#2614,#2615));
#541=EDGE_LOOP('',(#2616,#2617,#2618,#2619,#2620));
#542=EDGE_LOOP('',(#2621,#2622,#2623,#2624,#2625));
#543=EDGE_LOOP('',(#2626,#2627,#2628,#2629,#2630));
#544=EDGE_LOOP('',(#2631,#2632,#2633,#2634,#2635));
#545=EDGE_LOOP('',(#2636,#2637,#2638,#2639));
#546=EDGE_LOOP('',(#2640,#2641,#2642,#2643));
#547=EDGE_LOOP('',(#2644,#2645,#2646,#2647));
#548=EDGE_LOOP('',(#2648,#2649,#2650,#2651));
#549=EDGE_LOOP('',(#2652,#2653,#2654,#2655));
#550=EDGE_LOOP('',(#2656,#2657,#2658,#2659));
#551=EDGE_LOOP('',(#2660,#2661,#2662,#2663));
#552=EDGE_LOOP('',(#2664,#2665,#2666,#2667));
#553=EDGE_LOOP('',(#2668,#2669,#2670,#2671));
#554=EDGE_LOOP('',(#2672,#2673,#2674,#2675));
#555=EDGE_LOOP('',(#2676));
#556=EDGE_LOOP('',(#2677,#2678,#2679,#2680));
#557=EDGE_LOOP('',(#2681,#2682,#2683,#2684));
#558=EDGE_LOOP('',(#2685));
#559=EDGE_LOOP('',(#2686,#2687,#2688,#2689));
#560=EDGE_LOOP('',(#2690,#2691,#2692,#2693));
#561=EDGE_LOOP('',(#2694));
#562=EDGE_LOOP('',(#2695,#2696,#2697,#2698));
#563=EDGE_LOOP('',(#2699,#2700,#2701,#2702));
#564=EDGE_LOOP('',(#2703));
#565=EDGE_LOOP('',(#2704,#2705,#2706,#2707));
#566=EDGE_LOOP('',(#2708,#2709,#2710,#2711));
#567=EDGE_LOOP('',(#2712));
#568=EDGE_LOOP('',(#2713,#2714,#2715,#2716));
#569=EDGE_LOOP('',(#2717,#2718,#2719,#2720));
#570=EDGE_LOOP('',(#2721));
#571=EDGE_LOOP('',(#2722,#2723,#2724,#2725));
#572=EDGE_LOOP('',(#2726,#2727,#2728,#2729));
#573=EDGE_LOOP('',(#2730));
#574=EDGE_LOOP('',(#2731,#2732,#2733,#2734));
#575=EDGE_LOOP('',(#2735,#2736,#2737,#2738));
#576=EDGE_LOOP('',(#2739));
#577=EDGE_LOOP('',(#2740));
#578=EDGE_LOOP('',(#2741));
#579=EDGE_LOOP('',(#2742));
#580=EDGE_LOOP('',(#2743));
#581=EDGE_LOOP('',(#2744));
#582=EDGE_LOOP('',(#2745));
#583=EDGE_LOOP('',(#2746));
#584=EDGE_LOOP('',(#2747));
#585=EDGE_LOOP('',(#2748));
#586=EDGE_LOOP('',(#2749));
#587=EDGE_LOOP('',(#2750));
#588=EDGE_LOOP('',(#2751));
#589=EDGE_LOOP('',(#2752));
#590=EDGE_LOOP('',(#2753));
#591=EDGE_LOOP('',(#2754));
#592=EDGE_LOOP('',(#2755));
#593=EDGE_LOOP('',(#2756,#2757,#2758,#2759));
#594=EDGE_LOOP('',(#2760,#2761,#2762,#2763,#2764,#2765,#2766,#2767,#2768));
#595=EDGE_LOOP('',(#2769,#2770,#2771,#2772));
#596=EDGE_LOOP('',(#2773,#2774,#2775,#2776));
#597=EDGE_LOOP('',(#2777,#2778,#2779,#2780));
#598=EDGE_LOOP('',(#2781,#2782,#2783,#2784));
#599=EDGE_LOOP('',(#2785,#2786,#2787,#2788,#2789,#2790,#2791,#2792,#2793));
#600=EDGE_LOOP('',(#2794,#2795,#2796,#2797));
#601=EDGE_LOOP('',(#2798,#2799,#2800,#2801));
#602=EDGE_LOOP('',(#2802,#2803,#2804,#2805));
#603=EDGE_LOOP('',(#2806,#2807,#2808,#2809));
#604=EDGE_LOOP('',(#2810));
#605=EDGE_LOOP('',(#2811));
#606=CIRCLE('',#3015,1.);
#607=CIRCLE('',#3018,2.);
#608=CIRCLE('',#3024,2.5);
#609=CIRCLE('',#3025,2.5);
#610=CIRCLE('',#3026,2.);
#611=CIRCLE('',#3029,2.5);
#612=CIRCLE('',#3030,2.5);
#613=CIRCLE('',#3032,2.);
#614=CIRCLE('',#3033,4.5);
#615=CIRCLE('',#3035,4.5);
#616=CIRCLE('',#3037,2.);
#617=CIRCLE('',#3123,7.);
#618=CIRCLE('',#3124,7.);
#619=CIRCLE('',#3127,7.);
#620=CIRCLE('',#3128,7.);
#621=CIRCLE('',#3137,5.);
#622=CIRCLE('',#3138,2.);
#623=CIRCLE('',#3139,7.);
#624=CIRCLE('',#3140,5.);
#625=CIRCLE('',#3142,7.);
#626=CIRCLE('',#3143,7.);
#627=CIRCLE('',#3144,7.);
#628=CIRCLE('',#3146,5.);
#629=CIRCLE('',#3148,5.);
#630=CIRCLE('',#3149,2.);
#631=CIRCLE('',#3150,5.);
#632=CIRCLE('',#3152,5.);
#633=CIRCLE('',#3154,5.);
#634=CIRCLE('',#3155,2.);
#635=CIRCLE('',#3156,5.);
#636=CIRCLE('',#3158,5.);
#637=CIRCLE('',#3160,5.);
#638=CIRCLE('',#3161,2.);
#639=CIRCLE('',#3162,5.);
#640=CIRCLE('',#3164,5.);
#641=CIRCLE('',#3166,5.);
#642=CIRCLE('',#3167,2.);
#643=CIRCLE('',#3169,5.);
#644=CIRCLE('',#3171,5.);
#645=CIRCLE('',#3172,2.);
#646=CIRCLE('',#3174,5.);
#647=CIRCLE('',#3176,5.);
#648=CIRCLE('',#3177,2.);
#649=CIRCLE('',#3179,5.);
#650=CIRCLE('',#3181,5.);
#651=CIRCLE('',#3182,2.);
#652=CIRCLE('',#3184,5.);
#653=CIRCLE('',#3186,2.6);
#654=CIRCLE('',#3187,2.25);
#655=CIRCLE('',#3189,2.25);
#656=CIRCLE('',#3192,2.6);
#657=CIRCLE('',#3193,2.25);
#658=CIRCLE('',#3195,2.25);
#659=CIRCLE('',#3198,2.6);
#660=CIRCLE('',#3199,2.25);
#661=CIRCLE('',#3201,2.25);
#662=CIRCLE('',#3204,2.6);
#663=CIRCLE('',#3205,2.25);
#664=CIRCLE('',#3207,2.25);
#665=CIRCLE('',#3210,2.60000000000001);
#666=CIRCLE('',#3211,2.25);
#667=CIRCLE('',#3213,2.25);
#668=CIRCLE('',#3216,2.60000000000001);
#669=CIRCLE('',#3217,2.25);
#670=CIRCLE('',#3219,2.25);
#671=CIRCLE('',#3222,2.60000000000004);
#672=CIRCLE('',#3223,2.25);
#673=CIRCLE('',#3225,2.25);
#674=CIRCLE('',#3228,2.60000000000004);
#675=CIRCLE('',#3229,2.25);
#676=CIRCLE('',#3231,2.25);
#677=CIRCLE('',#3247,1.);
#678=LINE('',#4053,#1000);
#679=LINE('',#4137,#1001);
#680=LINE('',#4139,#1002);
#681=LINE('',#4141,#1003);
#682=LINE('',#4142,#1004);
#683=LINE('',#4147,#1005);
#684=LINE('',#4228,#1006);
#685=LINE('',#4239,#1007);
#686=LINE('',#4241,#1008);
#687=LINE('',#4243,#1009);
#688=LINE('',#4244,#1010);
#689=LINE('',#4252,#1011);
#690=LINE('',#4254,#1012);
#691=LINE('',#4256,#1013);
#692=LINE('',#4257,#1014);
#693=LINE('',#4261,#1015);
#694=LINE('',#4263,#1016);
#695=LINE('',#4265,#1017);
#696=LINE('',#4266,#1018);
#697=LINE('',#4269,#1019);
#698=LINE('',#4271,#1020);
#699=LINE('',#4272,#1021);
#700=LINE('',#4275,#1022);
#701=LINE('',#4277,#1023);
#702=LINE('',#4278,#1024);
#703=LINE('',#4281,#1025);
#704=LINE('',#4283,#1026);
#705=LINE('',#4284,#1027);
#706=LINE('',#4286,#1028);
#707=LINE('',#4287,#1029);
#708=LINE('',#4290,#1030);
#709=LINE('',#4292,#1031);
#710=LINE('',#4293,#1032);
#711=LINE('',#4295,#1033);
#712=LINE('',#4296,#1034);
#713=LINE('',#4300,#1035);
#714=LINE('',#4302,#1036);
#715=LINE('',#4304,#1037);
#716=LINE('',#4305,#1038);
#717=LINE('',#4309,#1039);
#718=LINE('',#4311,#1040);
#719=LINE('',#4313,#1041);
#720=LINE('',#4314,#1042);
#721=LINE('',#4317,#1043);
#722=LINE('',#4319,#1044);
#723=LINE('',#4320,#1045);
#724=LINE('',#4323,#1046);
#725=LINE('',#4325,#1047);
#726=LINE('',#4326,#1048);
#727=LINE('',#4329,#1049);
#728=LINE('',#4331,#1050);
#729=LINE('',#4332,#1051);
#730=LINE('',#4334,#1052);
#731=LINE('',#4335,#1053);
#732=LINE('',#4338,#1054);
#733=LINE('',#4340,#1055);
#734=LINE('',#4341,#1056);
#735=LINE('',#4343,#1057);
#736=LINE('',#4344,#1058);
#737=LINE('',#4348,#1059);
#738=LINE('',#4350,#1060);
#739=LINE('',#4352,#1061);
#740=LINE('',#4353,#1062);
#741=LINE('',#4357,#1063);
#742=LINE('',#4359,#1064);
#743=LINE('',#4361,#1065);
#744=LINE('',#4362,#1066);
#745=LINE('',#4365,#1067);
#746=LINE('',#4367,#1068);
#747=LINE('',#4368,#1069);
#748=LINE('',#4371,#1070);
#749=LINE('',#4373,#1071);
#750=LINE('',#4374,#1072);
#751=LINE('',#4377,#1073);
#752=LINE('',#4379,#1074);
#753=LINE('',#4380,#1075);
#754=LINE('',#4382,#1076);
#755=LINE('',#4383,#1077);
#756=LINE('',#4386,#1078);
#757=LINE('',#4388,#1079);
#758=LINE('',#4389,#1080);
#759=LINE('',#4391,#1081);
#760=LINE('',#4392,#1082);
#761=LINE('',#4396,#1083);
#762=LINE('',#4398,#1084);
#763=LINE('',#4400,#1085);
#764=LINE('',#4401,#1086);
#765=LINE('',#4405,#1087);
#766=LINE('',#4407,#1088);
#767=LINE('',#4409,#1089);
#768=LINE('',#4410,#1090);
#769=LINE('',#4413,#1091);
#770=LINE('',#4415,#1092);
#771=LINE('',#4416,#1093);
#772=LINE('',#4419,#1094);
#773=LINE('',#4421,#1095);
#774=LINE('',#4422,#1096);
#775=LINE('',#4425,#1097);
#776=LINE('',#4427,#1098);
#777=LINE('',#4428,#1099);
#778=LINE('',#4430,#1100);
#779=LINE('',#4431,#1101);
#780=LINE('',#4434,#1102);
#781=LINE('',#4436,#1103);
#782=LINE('',#4437,#1104);
#783=LINE('',#4439,#1105);
#784=LINE('',#4440,#1106);
#785=LINE('',#4444,#1107);
#786=LINE('',#4446,#1108);
#787=LINE('',#4448,#1109);
#788=LINE('',#4449,#1110);
#789=LINE('',#4453,#1111);
#790=LINE('',#4455,#1112);
#791=LINE('',#4457,#1113);
#792=LINE('',#4458,#1114);
#793=LINE('',#4461,#1115);
#794=LINE('',#4463,#1116);
#795=LINE('',#4464,#1117);
#796=LINE('',#4467,#1118);
#797=LINE('',#4469,#1119);
#798=LINE('',#4470,#1120);
#799=LINE('',#4473,#1121);
#800=LINE('',#4475,#1122);
#801=LINE('',#4476,#1123);
#802=LINE('',#4478,#1124);
#803=LINE('',#4479,#1125);
#804=LINE('',#4482,#1126);
#805=LINE('',#4484,#1127);
#806=LINE('',#4485,#1128);
#807=LINE('',#4487,#1129);
#808=LINE('',#4488,#1130);
#809=LINE('',#4492,#1131);
#810=LINE('',#4494,#1132);
#811=LINE('',#4496,#1133);
#812=LINE('',#4497,#1134);
#813=LINE('',#4501,#1135);
#814=LINE('',#4503,#1136);
#815=LINE('',#4505,#1137);
#816=LINE('',#4506,#1138);
#817=LINE('',#4509,#1139);
#818=LINE('',#4511,#1140);
#819=LINE('',#4512,#1141);
#820=LINE('',#4515,#1142);
#821=LINE('',#4517,#1143);
#822=LINE('',#4518,#1144);
#823=LINE('',#4521,#1145);
#824=LINE('',#4523,#1146);
#825=LINE('',#4524,#1147);
#826=LINE('',#4526,#1148);
#827=LINE('',#4527,#1149);
#828=LINE('',#4530,#1150);
#829=LINE('',#4532,#1151);
#830=LINE('',#4533,#1152);
#831=LINE('',#4535,#1153);
#832=LINE('',#4536,#1154);
#833=LINE('',#4540,#1155);
#834=LINE('',#4542,#1156);
#835=LINE('',#4544,#1157);
#836=LINE('',#4545,#1158);
#837=LINE('',#4549,#1159);
#838=LINE('',#4551,#1160);
#839=LINE('',#4553,#1161);
#840=LINE('',#4554,#1162);
#841=LINE('',#4557,#1163);
#842=LINE('',#4559,#1164);
#843=LINE('',#4560,#1165);
#844=LINE('',#4563,#1166);
#845=LINE('',#4565,#1167);
#846=LINE('',#4566,#1168);
#847=LINE('',#4569,#1169);
#848=LINE('',#4571,#1170);
#849=LINE('',#4572,#1171);
#850=LINE('',#4574,#1172);
#851=LINE('',#4575,#1173);
#852=LINE('',#4578,#1174);
#853=LINE('',#4580,#1175);
#854=LINE('',#4581,#1176);
#855=LINE('',#4583,#1177);
#856=LINE('',#4584,#1178);
#857=LINE('',#4588,#1179);
#858=LINE('',#4590,#1180);
#859=LINE('',#4592,#1181);
#860=LINE('',#4593,#1182);
#861=LINE('',#4597,#1183);
#862=LINE('',#4599,#1184);
#863=LINE('',#4601,#1185);
#864=LINE('',#4602,#1186);
#865=LINE('',#4605,#1187);
#866=LINE('',#4607,#1188);
#867=LINE('',#4608,#1189);
#868=LINE('',#4611,#1190);
#869=LINE('',#4613,#1191);
#870=LINE('',#4614,#1192);
#871=LINE('',#4617,#1193);
#872=LINE('',#4619,#1194);
#873=LINE('',#4620,#1195);
#874=LINE('',#4622,#1196);
#875=LINE('',#4623,#1197);
#876=LINE('',#4626,#1198);
#877=LINE('',#4628,#1199);
#878=LINE('',#4629,#1200);
#879=LINE('',#4631,#1201);
#880=LINE('',#4632,#1202);
#881=LINE('',#4636,#1203);
#882=LINE('',#4638,#1204);
#883=LINE('',#4640,#1205);
#884=LINE('',#4641,#1206);
#885=LINE('',#4645,#1207);
#886=LINE('',#4647,#1208);
#887=LINE('',#4649,#1209);
#888=LINE('',#4650,#1210);
#889=LINE('',#4653,#1211);
#890=LINE('',#4655,#1212);
#891=LINE('',#4656,#1213);
#892=LINE('',#4659,#1214);
#893=LINE('',#4661,#1215);
#894=LINE('',#4662,#1216);
#895=LINE('',#4665,#1217);
#896=LINE('',#4667,#1218);
#897=LINE('',#4668,#1219);
#898=LINE('',#4670,#1220);
#899=LINE('',#4671,#1221);
#900=LINE('',#4674,#1222);
#901=LINE('',#4676,#1223);
#902=LINE('',#4677,#1224);
#903=LINE('',#4679,#1225);
#904=LINE('',#4680,#1226);
#905=LINE('',#4682,#1227);
#906=LINE('',#4683,#1228);
#907=LINE('',#4685,#1229);
#908=LINE('',#4687,#1230);
#909=LINE('',#4692,#1231);
#910=LINE('',#4694,#1232);
#911=LINE('',#4696,#1233);
#912=LINE('',#4697,#1234);
#913=LINE('',#4700,#1235);
#914=LINE('',#4718,#1236);
#915=LINE('',#4719,#1237);
#916=LINE('',#4722,#1238);
#917=LINE('',#4724,#1239);
#918=LINE('',#4726,#1240);
#919=LINE('',#4728,#1241);
#920=LINE('',#4730,#1242);
#921=LINE('',#4732,#1243);
#922=LINE('',#4734,#1244);
#923=LINE('',#4736,#1245);
#924=LINE('',#4738,#1246);
#925=LINE('',#4740,#1247);
#926=LINE('',#4742,#1248);
#927=LINE('',#4744,#1249);
#928=LINE('',#4746,#1250);
#929=LINE('',#4747,#1251);
#930=LINE('',#4750,#1252);
#931=LINE('',#4752,#1253);
#932=LINE('',#4753,#1254);
#933=LINE('',#4772,#1255);
#934=LINE('',#4773,#1256);
#935=LINE('',#4776,#1257);
#936=LINE('',#4778,#1258);
#937=LINE('',#4779,#1259);
#938=LINE('',#4798,#1260);
#939=LINE('',#4799,#1261);
#940=LINE('',#4802,#1262);
#941=LINE('',#4804,#1263);
#942=LINE('',#4805,#1264);
#943=LINE('',#4808,#1265);
#944=LINE('',#4810,#1266);
#945=LINE('',#4811,#1267);
#946=LINE('',#4818,#1268);
#947=LINE('',#4820,#1269);
#948=LINE('',#4866,#1270);
#949=LINE('',#4869,#1271);
#950=LINE('',#4870,#1272);
#951=LINE('',#4878,#1273);
#952=LINE('',#4879,#1274);
#953=LINE('',#4880,#1275);
#954=LINE('',#4882,#1276);
#955=LINE('',#4884,#1277);
#956=LINE('',#4885,#1278);
#957=LINE('',#4887,#1279);
#958=LINE('',#4888,#1280);
#959=LINE('',#4889,#1281);
#960=LINE('',#4893,#1282);
#961=LINE('',#4894,#1283);
#962=LINE('',#4895,#1284);
#963=LINE('',#4898,#1285);
#964=LINE('',#4900,#1286);
#965=LINE('',#4901,#1287);
#966=LINE('',#4903,#1288);
#967=LINE('',#5008,#1289);
#968=LINE('',#5010,#1290);
#969=LINE('',#5012,#1291);
#970=LINE('',#5013,#1292);
#971=LINE('',#5023,#1293);
#972=LINE('',#5033,#1294);
#973=LINE('',#5043,#1295);
#974=LINE('',#5053,#1296);
#975=LINE('',#5061,#1297);
#976=LINE('',#5069,#1298);
#977=LINE('',#5077,#1299);
#978=LINE('',#5085,#1300);
#979=LINE('',#5090,#1301);
#980=LINE('',#5094,#1302);
#981=LINE('',#5101,#1303);
#982=LINE('',#5105,#1304);
#983=LINE('',#5112,#1305);
#984=LINE('',#5116,#1306);
#985=LINE('',#5123,#1307);
#986=LINE('',#5127,#1308);
#987=LINE('',#5134,#1309);
#988=LINE('',#5138,#1310);
#989=LINE('',#5145,#1311);
#990=LINE('',#5149,#1312);
#991=LINE('',#5156,#1313);
#992=LINE('',#5160,#1314);
#993=LINE('',#5167,#1315);
#994=LINE('',#5171,#1316);
#995=LINE('',#5183,#1317);
#996=LINE('',#5184,#1318);
#997=LINE('',#5186,#1319);
#998=LINE('',#5188,#1320);
#999=LINE('',#5194,#1321);
#1000=VECTOR('',#3256,1.);
#1001=VECTOR('',#3271,10.);
#1002=VECTOR('',#3272,10.);
#1003=VECTOR('',#3273,10.);
#1004=VECTOR('',#3274,10.);
#1005=VECTOR('',#3279,2.5);
#1006=VECTOR('',#3290,2.5);
#1007=VECTOR('',#3303,10.);
#1008=VECTOR('',#3304,10.);
#1009=VECTOR('',#3305,10.);
#1010=VECTOR('',#3306,10.);
#1011=VECTOR('',#3315,10.);
#1012=VECTOR('',#3316,10.);
#1013=VECTOR('',#3317,10.);
#1014=VECTOR('',#3318,10.);
#1015=VECTOR('',#3321,10.);
#1016=VECTOR('',#3322,10.);
#1017=VECTOR('',#3323,10.);
#1018=VECTOR('',#3324,10.);
#1019=VECTOR('',#3327,10.);
#1020=VECTOR('',#3328,10.);
#1021=VECTOR('',#3329,10.);
#1022=VECTOR('',#3332,10.);
#1023=VECTOR('',#3333,10.);
#1024=VECTOR('',#3334,10.);
#1025=VECTOR('',#3337,10.);
#1026=VECTOR('',#3338,10.);
#1027=VECTOR('',#3339,10.);
#1028=VECTOR('',#3342,10.);
#1029=VECTOR('',#3343,10.);
#1030=VECTOR('',#3346,10.);
#1031=VECTOR('',#3347,10.);
#1032=VECTOR('',#3348,10.);
#1033=VECTOR('',#3351,10.);
#1034=VECTOR('',#3352,10.);
#1035=VECTOR('',#3355,10.);
#1036=VECTOR('',#3356,10.);
#1037=VECTOR('',#3357,10.);
#1038=VECTOR('',#3358,10.);
#1039=VECTOR('',#3361,10.);
#1040=VECTOR('',#3362,10.);
#1041=VECTOR('',#3363,10.);
#1042=VECTOR('',#3364,10.);
#1043=VECTOR('',#3367,10.);
#1044=VECTOR('',#3368,10.);
#1045=VECTOR('',#3369,10.);
#1046=VECTOR('',#3372,10.);
#1047=VECTOR('',#3373,10.);
#1048=VECTOR('',#3374,10.);
#1049=VECTOR('',#3377,10.);
#1050=VECTOR('',#3378,10.);
#1051=VECTOR('',#3379,10.);
#1052=VECTOR('',#3382,10.);
#1053=VECTOR('',#3383,10.);
#1054=VECTOR('',#3386,10.);
#1055=VECTOR('',#3387,10.);
#1056=VECTOR('',#3388,10.);
#1057=VECTOR('',#3391,10.);
#1058=VECTOR('',#3392,10.);
#1059=VECTOR('',#3395,10.);
#1060=VECTOR('',#3396,10.);
#1061=VECTOR('',#3397,10.);
#1062=VECTOR('',#3398,10.);
#1063=VECTOR('',#3401,10.);
#1064=VECTOR('',#3402,10.);
#1065=VECTOR('',#3403,10.);
#1066=VECTOR('',#3404,10.);
#1067=VECTOR('',#3407,10.);
#1068=VECTOR('',#3408,10.);
#1069=VECTOR('',#3409,10.);
#1070=VECTOR('',#3412,10.);
#1071=VECTOR('',#3413,10.);
#1072=VECTOR('',#3414,10.);
#1073=VECTOR('',#3417,10.);
#1074=VECTOR('',#3418,10.);
#1075=VECTOR('',#3419,10.);
#1076=VECTOR('',#3422,10.);
#1077=VECTOR('',#3423,10.);
#1078=VECTOR('',#3426,10.);
#1079=VECTOR('',#3427,10.);
#1080=VECTOR('',#3428,10.);
#1081=VECTOR('',#3431,10.);
#1082=VECTOR('',#3432,10.);
#1083=VECTOR('',#3435,10.);
#1084=VECTOR('',#3436,10.);
#1085=VECTOR('',#3437,10.);
#1086=VECTOR('',#3438,10.);
#1087=VECTOR('',#3441,10.);
#1088=VECTOR('',#3442,10.);
#1089=VECTOR('',#3443,10.);
#1090=VECTOR('',#3444,10.);
#1091=VECTOR('',#3447,10.);
#1092=VECTOR('',#3448,10.);
#1093=VECTOR('',#3449,10.);
#1094=VECTOR('',#3452,10.);
#1095=VECTOR('',#3453,10.);
#1096=VECTOR('',#3454,10.);
#1097=VECTOR('',#3457,10.);
#1098=VECTOR('',#3458,10.);
#1099=VECTOR('',#3459,10.);
#1100=VECTOR('',#3462,10.);
#1101=VECTOR('',#3463,10.);
#1102=VECTOR('',#3466,10.);
#1103=VECTOR('',#3467,10.);
#1104=VECTOR('',#3468,10.);
#1105=VECTOR('',#3471,10.);
#1106=VECTOR('',#3472,10.);
#1107=VECTOR('',#3475,10.);
#1108=VECTOR('',#3476,10.);
#1109=VECTOR('',#3477,10.);
#1110=VECTOR('',#3478,10.);
#1111=VECTOR('',#3481,10.);
#1112=VECTOR('',#3482,10.);
#1113=VECTOR('',#3483,10.);
#1114=VECTOR('',#3484,10.);
#1115=VECTOR('',#3487,10.);
#1116=VECTOR('',#3488,10.);
#1117=VECTOR('',#3489,10.);
#1118=VECTOR('',#3492,10.);
#1119=VECTOR('',#3493,10.);
#1120=VECTOR('',#3494,10.);
#1121=VECTOR('',#3497,10.);
#1122=VECTOR('',#3498,10.);
#1123=VECTOR('',#3499,10.);
#1124=VECTOR('',#3502,10.);
#1125=VECTOR('',#3503,10.);
#1126=VECTOR('',#3506,10.);
#1127=VECTOR('',#3507,10.);
#1128=VECTOR('',#3508,10.);
#1129=VECTOR('',#3511,10.);
#1130=VECTOR('',#3512,10.);
#1131=VECTOR('',#3515,10.);
#1132=VECTOR('',#3516,10.);
#1133=VECTOR('',#3517,10.);
#1134=VECTOR('',#3518,10.);
#1135=VECTOR('',#3521,10.);
#1136=VECTOR('',#3522,10.);
#1137=VECTOR('',#3523,10.);
#1138=VECTOR('',#3524,10.);
#1139=VECTOR('',#3527,10.);
#1140=VECTOR('',#3528,10.);
#1141=VECTOR('',#3529,10.);
#1142=VECTOR('',#3532,10.);
#1143=VECTOR('',#3533,10.);
#1144=VECTOR('',#3534,10.);
#1145=VECTOR('',#3537,10.);
#1146=VECTOR('',#3538,10.);
#1147=VECTOR('',#3539,10.);
#1148=VECTOR('',#3542,10.);
#1149=VECTOR('',#3543,10.);
#1150=VECTOR('',#3546,10.);
#1151=VECTOR('',#3547,10.);
#1152=VECTOR('',#3548,10.);
#1153=VECTOR('',#3551,10.);
#1154=VECTOR('',#3552,10.);
#1155=VECTOR('',#3555,10.);
#1156=VECTOR('',#3556,10.);
#1157=VECTOR('',#3557,10.);
#1158=VECTOR('',#3558,10.);
#1159=VECTOR('',#3561,10.);
#1160=VECTOR('',#3562,10.);
#1161=VECTOR('',#3563,10.);
#1162=VECTOR('',#3564,10.);
#1163=VECTOR('',#3567,10.);
#1164=VECTOR('',#3568,10.);
#1165=VECTOR('',#3569,10.);
#1166=VECTOR('',#3572,10.);
#1167=VECTOR('',#3573,10.);
#1168=VECTOR('',#3574,10.);
#1169=VECTOR('',#3577,10.);
#1170=VECTOR('',#3578,10.);
#1171=VECTOR('',#3579,10.);
#1172=VECTOR('',#3582,10.);
#1173=VECTOR('',#3583,10.);
#1174=VECTOR('',#3586,10.);
#1175=VECTOR('',#3587,10.);
#1176=VECTOR('',#3588,10.);
#1177=VECTOR('',#3591,10.);
#1178=VECTOR('',#3592,10.);
#1179=VECTOR('',#3595,10.);
#1180=VECTOR('',#3596,10.);
#1181=VECTOR('',#3597,10.);
#1182=VECTOR('',#3598,10.);
#1183=VECTOR('',#3601,10.);
#1184=VECTOR('',#3602,10.);
#1185=VECTOR('',#3603,10.);
#1186=VECTOR('',#3604,10.);
#1187=VECTOR('',#3607,10.);
#1188=VECTOR('',#3608,10.);
#1189=VECTOR('',#3609,10.);
#1190=VECTOR('',#3612,10.);
#1191=VECTOR('',#3613,10.);
#1192=VECTOR('',#3614,10.);
#1193=VECTOR('',#3617,10.);
#1194=VECTOR('',#3618,10.);
#1195=VECTOR('',#3619,10.);
#1196=VECTOR('',#3622,10.);
#1197=VECTOR('',#3623,10.);
#1198=VECTOR('',#3626,10.);
#1199=VECTOR('',#3627,10.);
#1200=VECTOR('',#3628,10.);
#1201=VECTOR('',#3631,10.);
#1202=VECTOR('',#3632,10.);
#1203=VECTOR('',#3635,10.);
#1204=VECTOR('',#3636,10.);
#1205=VECTOR('',#3637,10.);
#1206=VECTOR('',#3638,10.);
#1207=VECTOR('',#3641,10.);
#1208=VECTOR('',#3642,10.);
#1209=VECTOR('',#3643,10.);
#1210=VECTOR('',#3644,10.);
#1211=VECTOR('',#3647,10.);
#1212=VECTOR('',#3648,10.);
#1213=VECTOR('',#3649,10.);
#1214=VECTOR('',#3652,10.);
#1215=VECTOR('',#3653,10.);
#1216=VECTOR('',#3654,10.);
#1217=VECTOR('',#3657,10.);
#1218=VECTOR('',#3658,10.);
#1219=VECTOR('',#3659,10.);
#1220=VECTOR('',#3662,10.);
#1221=VECTOR('',#3663,10.);
#1222=VECTOR('',#3666,10.);
#1223=VECTOR('',#3667,10.);
#1224=VECTOR('',#3668,10.);
#1225=VECTOR('',#3671,10.);
#1226=VECTOR('',#3672,10.);
#1227=VECTOR('',#3675,10.);
#1228=VECTOR('',#3676,10.);
#1229=VECTOR('',#3679,10.);
#1230=VECTOR('',#3682,10.);
#1231=VECTOR('',#3687,10.);
#1232=VECTOR('',#3688,10.);
#1233=VECTOR('',#3689,10.);
#1234=VECTOR('',#3690,10.);
#1235=VECTOR('',#3693,10.);
#1236=VECTOR('',#3694,10.);
#1237=VECTOR('',#3695,10.);
#1238=VECTOR('',#3698,10.);
#1239=VECTOR('',#3699,10.);
#1240=VECTOR('',#3700,10.);
#1241=VECTOR('',#3701,10.);
#1242=VECTOR('',#3702,10.);
#1243=VECTOR('',#3703,10.);
#1244=VECTOR('',#3704,10.);
#1245=VECTOR('',#3705,10.);
#1246=VECTOR('',#3706,10.);
#1247=VECTOR('',#3707,10.);
#1248=VECTOR('',#3708,10.);
#1249=VECTOR('',#3709,10.);
#1250=VECTOR('',#3710,10.);
#1251=VECTOR('',#3711,10.);
#1252=VECTOR('',#3714,10.);
#1253=VECTOR('',#3715,10.);
#1254=VECTOR('',#3716,10.);
#1255=VECTOR('',#3719,10.);
#1256=VECTOR('',#3720,10.);
#1257=VECTOR('',#3723,10.);
#1258=VECTOR('',#3724,10.);
#1259=VECTOR('',#3725,10.);
#1260=VECTOR('',#3728,10.);
#1261=VECTOR('',#3729,10.);
#1262=VECTOR('',#3732,10.);
#1263=VECTOR('',#3733,10.);
#1264=VECTOR('',#3734,10.);
#1265=VECTOR('',#3737,10.);
#1266=VECTOR('',#3738,10.);
#1267=VECTOR('',#3739,10.);
#1268=VECTOR('',#3746,10.);
#1269=VECTOR('',#3747,10.);
#1270=VECTOR('',#3748,10.);
#1271=VECTOR('',#3751,10.);
#1272=VECTOR('',#3752,10.);
#1273=VECTOR('',#3759,10.);
#1274=VECTOR('',#3760,10.);
#1275=VECTOR('',#3761,10.);
#1276=VECTOR('',#3762,10.);
#1277=VECTOR('',#3763,10.);
#1278=VECTOR('',#3764,10.);
#1279=VECTOR('',#3765,10.);
#1280=VECTOR('',#3766,10.);
#1281=VECTOR('',#3767,10.);
#1282=VECTOR('',#3770,10.);
#1283=VECTOR('',#3771,10.);
#1284=VECTOR('',#3772,10.);
#1285=VECTOR('',#3775,10.);
#1286=VECTOR('',#3776,10.);
#1287=VECTOR('',#3777,10.);
#1288=VECTOR('',#3780,10.);
#1289=VECTOR('',#3799,10.);
#1290=VECTOR('',#3800,10.);
#1291=VECTOR('',#3801,10.);
#1292=VECTOR('',#3802,10.);
#1293=VECTOR('',#3813,5.);
#1294=VECTOR('',#3826,5.);
#1295=VECTOR('',#3839,5.);
#1296=VECTOR('',#3852,5.);
#1297=VECTOR('',#3863,5.);
#1298=VECTOR('',#3874,5.);
#1299=VECTOR('',#3885,5.);
#1300=VECTOR('',#3896,5.);
#1301=VECTOR('',#3901,2.425);
#1302=VECTOR('',#3906,2.25);
#1303=VECTOR('',#3915,2.425);
#1304=VECTOR('',#3920,2.25);
#1305=VECTOR('',#3929,2.425);
#1306=VECTOR('',#3934,2.25);
#1307=VECTOR('',#3943,2.425);
#1308=VECTOR('',#3948,2.25);
#1309=VECTOR('',#3957,2.425);
#1310=VECTOR('',#3962,2.25);
#1311=VECTOR('',#3971,2.425);
#1312=VECTOR('',#3976,2.25);
#1313=VECTOR('',#3985,2.425);
#1314=VECTOR('',#3990,2.25);
#1315=VECTOR('',#3999,2.425);
#1316=VECTOR('',#4004,2.25);
#1317=VECTOR('',#4027,10.);
#1318=VECTOR('',#4028,10.);
#1319=VECTOR('',#4031,10.);
#1320=VECTOR('',#4034,10.);
#1321=VECTOR('',#4041,1.);
#1322=ELLIPSE('',#3014,1.01542661188575,1.);
#1323=ELLIPSE('',#3019,2.62289856524165,2.5);
#1324=ELLIPSE('',#3020,4.56941975348585,4.5);
#1325=ELLIPSE('',#3022,4.56941975348585,4.5);
#1326=ELLIPSE('',#3027,2.62289856524165,2.5);
#1327=ELLIPSE('',#3246,1.01542661188575,1.);
#1328=VERTEX_POINT('',#4050);
#1329=VERTEX_POINT('',#4052);
#1330=VERTEX_POINT('',#4129);
#1331=VERTEX_POINT('',#4130);
#1332=VERTEX_POINT('',#4135);
#1333=VERTEX_POINT('',#4136);
#1334=VERTEX_POINT('',#4138);
#1335=VERTEX_POINT('',#4140);
#1336=VERTEX_POINT('',#4143);
#1337=VERTEX_POINT('',#4146);
#1338=VERTEX_POINT('',#4148);
#1339=VERTEX_POINT('',#4223);
#1340=VERTEX_POINT('',#4227);
#1341=VERTEX_POINT('',#4229);
#1342=VERTEX_POINT('',#4233);
#1343=VERTEX_POINT('',#4237);
#1344=VERTEX_POINT('',#4238);
#1345=VERTEX_POINT('',#4240);
#1346=VERTEX_POINT('',#4242);
#1347=VERTEX_POINT('',#4245);
#1348=VERTEX_POINT('',#4250);
#1349=VERTEX_POINT('',#4251);
#1350=VERTEX_POINT('',#4253);
#1351=VERTEX_POINT('',#4255);
#1352=VERTEX_POINT('',#4259);
#1353=VERTEX_POINT('',#4260);
#1354=VERTEX_POINT('',#4262);
#1355=VERTEX_POINT('',#4264);
#1356=VERTEX_POINT('',#4268);
#1357=VERTEX_POINT('',#4270);
#1358=VERTEX_POINT('',#4274);
#1359=VERTEX_POINT('',#4276);
#1360=VERTEX_POINT('',#4280);
#1361=VERTEX_POINT('',#4282);
#1362=VERTEX_POINT('',#4289);
#1363=VERTEX_POINT('',#4291);
#1364=VERTEX_POINT('',#4298);
#1365=VERTEX_POINT('',#4299);
#1366=VERTEX_POINT('',#4301);
#1367=VERTEX_POINT('',#4303);
#1368=VERTEX_POINT('',#4307);
#1369=VERTEX_POINT('',#4308);
#1370=VERTEX_POINT('',#4310);
#1371=VERTEX_POINT('',#4312);
#1372=VERTEX_POINT('',#4316);
#1373=VERTEX_POINT('',#4318);
#1374=VERTEX_POINT('',#4322);
#1375=VERTEX_POINT('',#4324);
#1376=VERTEX_POINT('',#4328);
#1377=VERTEX_POINT('',#4330);
#1378=VERTEX_POINT('',#4337);
#1379=VERTEX_POINT('',#4339);
#1380=VERTEX_POINT('',#4346);
#1381=VERTEX_POINT('',#4347);
#1382=VERTEX_POINT('',#4349);
#1383=VERTEX_POINT('',#4351);
#1384=VERTEX_POINT('',#4355);
#1385=VERTEX_POINT('',#4356);
#1386=VERTEX_POINT('',#4358);
#1387=VERTEX_POINT('',#4360);
#1388=VERTEX_POINT('',#4364);
#1389=VERTEX_POINT('',#4366);
#1390=VERTEX_POINT('',#4370);
#1391=VERTEX_POINT('',#4372);
#1392=VERTEX_POINT('',#4376);
#1393=VERTEX_POINT('',#4378);
#1394=VERTEX_POINT('',#4385);
#1395=VERTEX_POINT('',#4387);
#1396=VERTEX_POINT('',#4394);
#1397=VERTEX_POINT('',#4395);
#1398=VERTEX_POINT('',#4397);
#1399=VERTEX_POINT('',#4399);
#1400=VERTEX_POINT('',#4403);
#1401=VERTEX_POINT('',#4404);
#1402=VERTEX_POINT('',#4406);
#1403=VERTEX_POINT('',#4408);
#1404=VERTEX_POINT('',#4412);
#1405=VERTEX_POINT('',#4414);
#1406=VERTEX_POINT('',#4418);
#1407=VERTEX_POINT('',#4420);
#1408=VERTEX_POINT('',#4424);
#1409=VERTEX_POINT('',#4426);
#1410=VERTEX_POINT('',#4433);
#1411=VERTEX_POINT('',#4435);
#1412=VERTEX_POINT('',#4442);
#1413=VERTEX_POINT('',#4443);
#1414=VERTEX_POINT('',#4445);
#1415=VERTEX_POINT('',#4447);
#1416=VERTEX_POINT('',#4451);
#1417=VERTEX_POINT('',#4452);
#1418=VERTEX_POINT('',#4454);
#1419=VERTEX_POINT('',#4456);
#1420=VERTEX_POINT('',#4460);
#1421=VERTEX_POINT('',#4462);
#1422=VERTEX_POINT('',#4466);
#1423=VERTEX_POINT('',#4468);
#1424=VERTEX_POINT('',#4472);
#1425=VERTEX_POINT('',#4474);
#1426=VERTEX_POINT('',#4481);
#1427=VERTEX_POINT('',#4483);
#1428=VERTEX_POINT('',#4490);
#1429=VERTEX_POINT('',#4491);
#1430=VERTEX_POINT('',#4493);
#1431=VERTEX_POINT('',#4495);
#1432=VERTEX_POINT('',#4499);
#1433=VERTEX_POINT('',#4500);
#1434=VERTEX_POINT('',#4502);
#1435=VERTEX_POINT('',#4504);
#1436=VERTEX_POINT('',#4508);
#1437=VERTEX_POINT('',#4510);
#1438=VERTEX_POINT('',#4514);
#1439=VERTEX_POINT('',#4516);
#1440=VERTEX_POINT('',#4520);
#1441=VERTEX_POINT('',#4522);
#1442=VERTEX_POINT('',#4529);
#1443=VERTEX_POINT('',#4531);
#1444=VERTEX_POINT('',#4538);
#1445=VERTEX_POINT('',#4539);
#1446=VERTEX_POINT('',#4541);
#1447=VERTEX_POINT('',#4543);
#1448=VERTEX_POINT('',#4547);
#1449=VERTEX_POINT('',#4548);
#1450=VERTEX_POINT('',#4550);
#1451=VERTEX_POINT('',#4552);
#1452=VERTEX_POINT('',#4556);
#1453=VERTEX_POINT('',#4558);
#1454=VERTEX_POINT('',#4562);
#1455=VERTEX_POINT('',#4564);
#1456=VERTEX_POINT('',#4568);
#1457=VERTEX_POINT('',#4570);
#1458=VERTEX_POINT('',#4577);
#1459=VERTEX_POINT('',#4579);
#1460=VERTEX_POINT('',#4586);
#1461=VERTEX_POINT('',#4587);
#1462=VERTEX_POINT('',#4589);
#1463=VERTEX_POINT('',#4591);
#1464=VERTEX_POINT('',#4595);
#1465=VERTEX_POINT('',#4596);
#1466=VERTEX_POINT('',#4598);
#1467=VERTEX_POINT('',#4600);
#1468=VERTEX_POINT('',#4604);
#1469=VERTEX_POINT('',#4606);
#1470=VERTEX_POINT('',#4610);
#1471=VERTEX_POINT('',#4612);
#1472=VERTEX_POINT('',#4616);
#1473=VERTEX_POINT('',#4618);
#1474=VERTEX_POINT('',#4625);
#1475=VERTEX_POINT('',#4627);
#1476=VERTEX_POINT('',#4634);
#1477=VERTEX_POINT('',#4635);
#1478=VERTEX_POINT('',#4637);
#1479=VERTEX_POINT('',#4639);
#1480=VERTEX_POINT('',#4643);
#1481=VERTEX_POINT('',#4644);
#1482=VERTEX_POINT('',#4646);
#1483=VERTEX_POINT('',#4648);
#1484=VERTEX_POINT('',#4652);
#1485=VERTEX_POINT('',#4654);
#1486=VERTEX_POINT('',#4658);
#1487=VERTEX_POINT('',#4660);
#1488=VERTEX_POINT('',#4664);
#1489=VERTEX_POINT('',#4666);
#1490=VERTEX_POINT('',#4673);
#1491=VERTEX_POINT('',#4675);
#1492=VERTEX_POINT('',#4690);
#1493=VERTEX_POINT('',#4691);
#1494=VERTEX_POINT('',#4693);
#1495=VERTEX_POINT('',#4695);
#1496=VERTEX_POINT('',#4699);
#1497=VERTEX_POINT('',#4701);
#1498=VERTEX_POINT('',#4717);
#1499=VERTEX_POINT('',#4721);
#1500=VERTEX_POINT('',#4723);
#1501=VERTEX_POINT('',#4725);
#1502=VERTEX_POINT('',#4727);
#1503=VERTEX_POINT('',#4729);
#1504=VERTEX_POINT('',#4731);
#1505=VERTEX_POINT('',#4733);
#1506=VERTEX_POINT('',#4735);
#1507=VERTEX_POINT('',#4737);
#1508=VERTEX_POINT('',#4739);
#1509=VERTEX_POINT('',#4741);
#1510=VERTEX_POINT('',#4743);
#1511=VERTEX_POINT('',#4745);
#1512=VERTEX_POINT('',#4749);
#1513=VERTEX_POINT('',#4751);
#1514=VERTEX_POINT('',#4755);
#1515=VERTEX_POINT('',#4771);
#1516=VERTEX_POINT('',#4775);
#1517=VERTEX_POINT('',#4777);
#1518=VERTEX_POINT('',#4781);
#1519=VERTEX_POINT('',#4797);
#1520=VERTEX_POINT('',#4801);
#1521=VERTEX_POINT('',#4803);
#1522=VERTEX_POINT('',#4807);
#1523=VERTEX_POINT('',#4809);
#1524=VERTEX_POINT('',#4812);
#1525=VERTEX_POINT('',#4814);
#1526=VERTEX_POINT('',#4817);
#1527=VERTEX_POINT('',#4819);
#1528=VERTEX_POINT('',#4868);
#1529=VERTEX_POINT('',#4871);
#1530=VERTEX_POINT('',#4873);
#1531=VERTEX_POINT('',#4876);
#1532=VERTEX_POINT('',#4877);
#1533=VERTEX_POINT('',#4881);
#1534=VERTEX_POINT('',#4883);
#1535=VERTEX_POINT('',#4886);
#1536=VERTEX_POINT('',#4891);
#1537=VERTEX_POINT('',#4892);
#1538=VERTEX_POINT('',#4897);
#1539=VERTEX_POINT('',#4899);
#1540=VERTEX_POINT('',#4998);
#1541=VERTEX_POINT('',#4999);
#1542=VERTEX_POINT('',#5001);
#1543=VERTEX_POINT('',#5006);
#1544=VERTEX_POINT('',#5007);
#1545=VERTEX_POINT('',#5009);
#1546=VERTEX_POINT('',#5011);
#1547=VERTEX_POINT('',#5014);
#1548=VERTEX_POINT('',#5016);
#1549=VERTEX_POINT('',#5018);
#1550=VERTEX_POINT('',#5021);
#1551=VERTEX_POINT('',#5025);
#1552=VERTEX_POINT('',#5026);
#1553=VERTEX_POINT('',#5031);
#1554=VERTEX_POINT('',#5035);
#1555=VERTEX_POINT('',#5036);
#1556=VERTEX_POINT('',#5041);
#1557=VERTEX_POINT('',#5045);
#1558=VERTEX_POINT('',#5046);
#1559=VERTEX_POINT('',#5051);
#1560=VERTEX_POINT('',#5055);
#1561=VERTEX_POINT('',#5059);
#1562=VERTEX_POINT('',#5063);
#1563=VERTEX_POINT('',#5067);
#1564=VERTEX_POINT('',#5071);
#1565=VERTEX_POINT('',#5075);
#1566=VERTEX_POINT('',#5079);
#1567=VERTEX_POINT('',#5083);
#1568=VERTEX_POINT('',#5087);
#1569=VERTEX_POINT('',#5089);
#1570=VERTEX_POINT('',#5093);
#1571=VERTEX_POINT('',#5098);
#1572=VERTEX_POINT('',#5100);
#1573=VERTEX_POINT('',#5104);
#1574=VERTEX_POINT('',#5109);
#1575=VERTEX_POINT('',#5111);
#1576=VERTEX_POINT('',#5115);
#1577=VERTEX_POINT('',#5120);
#1578=VERTEX_POINT('',#5122);
#1579=VERTEX_POINT('',#5126);
#1580=VERTEX_POINT('',#5131);
#1581=VERTEX_POINT('',#5133);
#1582=VERTEX_POINT('',#5137);
#1583=VERTEX_POINT('',#5142);
#1584=VERTEX_POINT('',#5144);
#1585=VERTEX_POINT('',#5148);
#1586=VERTEX_POINT('',#5153);
#1587=VERTEX_POINT('',#5155);
#1588=VERTEX_POINT('',#5159);
#1589=VERTEX_POINT('',#5164);
#1590=VERTEX_POINT('',#5166);
#1591=VERTEX_POINT('',#5170);
#1592=VERTEX_POINT('',#5191);
#1593=VERTEX_POINT('',#5193);
#1594=EDGE_CURVE('',#1328,#1328,#1322,.T.);
#1595=EDGE_CURVE('',#1328,#1329,#678,.T.);
#1596=EDGE_CURVE('',#1329,#1329,#606,.T.);
#1597=EDGE_CURVE('',#1330,#1331,#607,.T.);
#1598=EDGE_CURVE('',#1331,#1331,#1323,.T.);
#1599=EDGE_CURVE('',#1330,#1330,#1324,.T.);
#1600=EDGE_CURVE('',#1332,#1333,#679,.T.);
#1601=EDGE_CURVE('',#1334,#1332,#680,.T.);
#1602=EDGE_CURVE('',#1335,#1334,#681,.T.);
#1603=EDGE_CURVE('',#1333,#1335,#682,.T.);
#1604=EDGE_CURVE('',#1336,#1336,#1325,.T.);
#1605=EDGE_CURVE('',#1331,#1337,#683,.T.);
#1606=EDGE_CURVE('',#1338,#1337,#608,.T.);
#1607=EDGE_CURVE('',#1337,#1338,#609,.T.);
#1608=EDGE_CURVE('',#1336,#1339,#610,.T.);
#1609=EDGE_CURVE('',#1339,#1339,#1326,.T.);
#1610=EDGE_CURVE('',#1339,#1340,#684,.T.);
#1611=EDGE_CURVE('',#1341,#1340,#611,.T.);
#1612=EDGE_CURVE('',#1340,#1341,#612,.T.);
#1613=EDGE_CURVE('',#1341,#1342,#613,.T.);
#1614=EDGE_CURVE('',#1342,#1342,#614,.T.);
#1615=EDGE_CURVE('',#1343,#1344,#685,.T.);
#1616=EDGE_CURVE('',#1345,#1344,#686,.T.);
#1617=EDGE_CURVE('',#1346,#1345,#687,.T.);
#1618=EDGE_CURVE('',#1346,#1343,#688,.T.);
#1619=EDGE_CURVE('',#1347,#1347,#615,.T.);
#1620=EDGE_CURVE('',#1338,#1347,#616,.T.);
#1621=EDGE_CURVE('',#1348,#1349,#689,.T.);
#1622=EDGE_CURVE('',#1348,#1350,#690,.T.);
#1623=EDGE_CURVE('',#1351,#1350,#691,.T.);
#1624=EDGE_CURVE('',#1349,#1351,#692,.T.);
#1625=EDGE_CURVE('',#1352,#1353,#693,.T.);
#1626=EDGE_CURVE('',#1354,#1352,#694,.T.);
#1627=EDGE_CURVE('',#1355,#1354,#695,.T.);
#1628=EDGE_CURVE('',#1355,#1353,#696,.T.);
#1629=EDGE_CURVE('',#1349,#1356,#697,.T.);
#1630=EDGE_CURVE('',#1357,#1351,#698,.T.);
#1631=EDGE_CURVE('',#1356,#1357,#699,.T.);
#1632=EDGE_CURVE('',#1358,#1348,#700,.T.);
#1633=EDGE_CURVE('',#1358,#1359,#701,.T.);
#1634=EDGE_CURVE('',#1350,#1359,#702,.T.);
#1635=EDGE_CURVE('',#1353,#1360,#703,.T.);
#1636=EDGE_CURVE('',#1361,#1355,#704,.T.);
#1637=EDGE_CURVE('',#1361,#1360,#705,.T.);
#1638=EDGE_CURVE('',#1356,#1358,#706,.T.);
#1639=EDGE_CURVE('',#1359,#1357,#707,.T.);
#1640=EDGE_CURVE('',#1360,#1362,#708,.T.);
#1641=EDGE_CURVE('',#1363,#1361,#709,.T.);
#1642=EDGE_CURVE('',#1363,#1362,#710,.T.);
#1643=EDGE_CURVE('',#1362,#1352,#711,.T.);
#1644=EDGE_CURVE('',#1354,#1363,#712,.T.);
#1645=EDGE_CURVE('',#1364,#1365,#713,.T.);
#1646=EDGE_CURVE('',#1364,#1366,#714,.T.);
#1647=EDGE_CURVE('',#1367,#1366,#715,.T.);
#1648=EDGE_CURVE('',#1365,#1367,#716,.T.);
#1649=EDGE_CURVE('',#1368,#1369,#717,.T.);
#1650=EDGE_CURVE('',#1370,#1368,#718,.T.);
#1651=EDGE_CURVE('',#1371,#1370,#719,.T.);
#1652=EDGE_CURVE('',#1371,#1369,#720,.T.);
#1653=EDGE_CURVE('',#1365,#1372,#721,.T.);
#1654=EDGE_CURVE('',#1373,#1367,#722,.T.);
#1655=EDGE_CURVE('',#1372,#1373,#723,.T.);
#1656=EDGE_CURVE('',#1374,#1364,#724,.T.);
#1657=EDGE_CURVE('',#1374,#1375,#725,.T.);
#1658=EDGE_CURVE('',#1366,#1375,#726,.T.);
#1659=EDGE_CURVE('',#1369,#1376,#727,.T.);
#1660=EDGE_CURVE('',#1377,#1371,#728,.T.);
#1661=EDGE_CURVE('',#1377,#1376,#729,.T.);
#1662=EDGE_CURVE('',#1372,#1374,#730,.T.);
#1663=EDGE_CURVE('',#1375,#1373,#731,.T.);
#1664=EDGE_CURVE('',#1376,#1378,#732,.T.);
#1665=EDGE_CURVE('',#1379,#1377,#733,.T.);
#1666=EDGE_CURVE('',#1379,#1378,#734,.T.);
#1667=EDGE_CURVE('',#1378,#1368,#735,.T.);
#1668=EDGE_CURVE('',#1370,#1379,#736,.T.);
#1669=EDGE_CURVE('',#1380,#1381,#737,.T.);
#1670=EDGE_CURVE('',#1380,#1382,#738,.T.);
#1671=EDGE_CURVE('',#1383,#1382,#739,.T.);
#1672=EDGE_CURVE('',#1381,#1383,#740,.T.);
#1673=EDGE_CURVE('',#1384,#1385,#741,.T.);
#1674=EDGE_CURVE('',#1386,#1384,#742,.T.);
#1675=EDGE_CURVE('',#1387,#1386,#743,.T.);
#1676=EDGE_CURVE('',#1387,#1385,#744,.T.);
#1677=EDGE_CURVE('',#1381,#1388,#745,.T.);
#1678=EDGE_CURVE('',#1389,#1383,#746,.T.);
#1679=EDGE_CURVE('',#1388,#1389,#747,.T.);
#1680=EDGE_CURVE('',#1390,#1380,#748,.T.);
#1681=EDGE_CURVE('',#1390,#1391,#749,.T.);
#1682=EDGE_CURVE('',#1382,#1391,#750,.T.);
#1683=EDGE_CURVE('',#1385,#1392,#751,.T.);
#1684=EDGE_CURVE('',#1393,#1387,#752,.T.);
#1685=EDGE_CURVE('',#1393,#1392,#753,.T.);
#1686=EDGE_CURVE('',#1388,#1390,#754,.T.);
#1687=EDGE_CURVE('',#1391,#1389,#755,.T.);
#1688=EDGE_CURVE('',#1392,#1394,#756,.T.);
#1689=EDGE_CURVE('',#1395,#1393,#757,.T.);
#1690=EDGE_CURVE('',#1395,#1394,#758,.T.);
#1691=EDGE_CURVE('',#1394,#1384,#759,.T.);
#1692=EDGE_CURVE('',#1386,#1395,#760,.T.);
#1693=EDGE_CURVE('',#1396,#1397,#761,.T.);
#1694=EDGE_CURVE('',#1396,#1398,#762,.T.);
#1695=EDGE_CURVE('',#1399,#1398,#763,.T.);
#1696=EDGE_CURVE('',#1397,#1399,#764,.T.);
#1697=EDGE_CURVE('',#1400,#1401,#765,.T.);
#1698=EDGE_CURVE('',#1402,#1400,#766,.T.);
#1699=EDGE_CURVE('',#1403,#1402,#767,.T.);
#1700=EDGE_CURVE('',#1403,#1401,#768,.T.);
#1701=EDGE_CURVE('',#1397,#1404,#769,.T.);
#1702=EDGE_CURVE('',#1405,#1399,#770,.T.);
#1703=EDGE_CURVE('',#1404,#1405,#771,.T.);
#1704=EDGE_CURVE('',#1406,#1396,#772,.T.);
#1705=EDGE_CURVE('',#1406,#1407,#773,.T.);
#1706=EDGE_CURVE('',#1398,#1407,#774,.T.);
#1707=EDGE_CURVE('',#1401,#1408,#775,.T.);
#1708=EDGE_CURVE('',#1409,#1403,#776,.T.);
#1709=EDGE_CURVE('',#1409,#1408,#777,.T.);
#1710=EDGE_CURVE('',#1404,#1406,#778,.T.);
#1711=EDGE_CURVE('',#1407,#1405,#779,.T.);
#1712=EDGE_CURVE('',#1408,#1410,#780,.T.);
#1713=EDGE_CURVE('',#1411,#1409,#781,.T.);
#1714=EDGE_CURVE('',#1411,#1410,#782,.T.);
#1715=EDGE_CURVE('',#1410,#1400,#783,.T.);
#1716=EDGE_CURVE('',#1402,#1411,#784,.T.);
#1717=EDGE_CURVE('',#1412,#1413,#785,.T.);
#1718=EDGE_CURVE('',#1412,#1414,#786,.T.);
#1719=EDGE_CURVE('',#1415,#1414,#787,.T.);
#1720=EDGE_CURVE('',#1413,#1415,#788,.T.);
#1721=EDGE_CURVE('',#1416,#1417,#789,.T.);
#1722=EDGE_CURVE('',#1418,#1416,#790,.T.);
#1723=EDGE_CURVE('',#1419,#1418,#791,.T.);
#1724=EDGE_CURVE('',#1419,#1417,#792,.T.);
#1725=EDGE_CURVE('',#1413,#1420,#793,.T.);
#1726=EDGE_CURVE('',#1421,#1415,#794,.T.);
#1727=EDGE_CURVE('',#1420,#1421,#795,.T.);
#1728=EDGE_CURVE('',#1422,#1412,#796,.T.);
#1729=EDGE_CURVE('',#1422,#1423,#797,.T.);
#1730=EDGE_CURVE('',#1414,#1423,#798,.T.);
#1731=EDGE_CURVE('',#1417,#1424,#799,.T.);
#1732=EDGE_CURVE('',#1425,#1419,#800,.T.);
#1733=EDGE_CURVE('',#1425,#1424,#801,.T.);
#1734=EDGE_CURVE('',#1420,#1422,#802,.T.);
#1735=EDGE_CURVE('',#1423,#1421,#803,.T.);
#1736=EDGE_CURVE('',#1424,#1426,#804,.T.);
#1737=EDGE_CURVE('',#1427,#1425,#805,.T.);
#1738=EDGE_CURVE('',#1427,#1426,#806,.T.);
#1739=EDGE_CURVE('',#1426,#1416,#807,.T.);
#1740=EDGE_CURVE('',#1418,#1427,#808,.T.);
#1741=EDGE_CURVE('',#1428,#1429,#809,.T.);
#1742=EDGE_CURVE('',#1428,#1430,#810,.T.);
#1743=EDGE_CURVE('',#1431,#1430,#811,.T.);
#1744=EDGE_CURVE('',#1429,#1431,#812,.T.);
#1745=EDGE_CURVE('',#1432,#1433,#813,.T.);
#1746=EDGE_CURVE('',#1434,#1432,#814,.T.);
#1747=EDGE_CURVE('',#1435,#1434,#815,.T.);
#1748=EDGE_CURVE('',#1435,#1433,#816,.T.);
#1749=EDGE_CURVE('',#1429,#1436,#817,.T.);
#1750=EDGE_CURVE('',#1437,#1431,#818,.T.);
#1751=EDGE_CURVE('',#1436,#1437,#819,.T.);
#1752=EDGE_CURVE('',#1438,#1428,#820,.T.);
#1753=EDGE_CURVE('',#1438,#1439,#821,.T.);
#1754=EDGE_CURVE('',#1430,#1439,#822,.T.);
#1755=EDGE_CURVE('',#1433,#1440,#823,.T.);
#1756=EDGE_CURVE('',#1441,#1435,#824,.T.);
#1757=EDGE_CURVE('',#1441,#1440,#825,.T.);
#1758=EDGE_CURVE('',#1436,#1438,#826,.T.);
#1759=EDGE_CURVE('',#1439,#1437,#827,.T.);
#1760=EDGE_CURVE('',#1440,#1442,#828,.T.);
#1761=EDGE_CURVE('',#1443,#1441,#829,.T.);
#1762=EDGE_CURVE('',#1443,#1442,#830,.T.);
#1763=EDGE_CURVE('',#1442,#1432,#831,.T.);
#1764=EDGE_CURVE('',#1434,#1443,#832,.T.);
#1765=EDGE_CURVE('',#1444,#1445,#833,.T.);
#1766=EDGE_CURVE('',#1444,#1446,#834,.T.);
#1767=EDGE_CURVE('',#1447,#1446,#835,.T.);
#1768=EDGE_CURVE('',#1445,#1447,#836,.T.);
#1769=EDGE_CURVE('',#1448,#1449,#837,.T.);
#1770=EDGE_CURVE('',#1450,#1448,#838,.T.);
#1771=EDGE_CURVE('',#1451,#1450,#839,.T.);
#1772=EDGE_CURVE('',#1451,#1449,#840,.T.);
#1773=EDGE_CURVE('',#1445,#1452,#841,.T.);
#1774=EDGE_CURVE('',#1453,#1447,#842,.T.);
#1775=EDGE_CURVE('',#1452,#1453,#843,.T.);
#1776=EDGE_CURVE('',#1454,#1444,#844,.T.);
#1777=EDGE_CURVE('',#1454,#1455,#845,.T.);
#1778=EDGE_CURVE('',#1446,#1455,#846,.T.);
#1779=EDGE_CURVE('',#1449,#1456,#847,.T.);
#1780=EDGE_CURVE('',#1457,#1451,#848,.T.);
#1781=EDGE_CURVE('',#1457,#1456,#849,.T.);
#1782=EDGE_CURVE('',#1452,#1454,#850,.T.);
#1783=EDGE_CURVE('',#1455,#1453,#851,.T.);
#1784=EDGE_CURVE('',#1456,#1458,#852,.T.);
#1785=EDGE_CURVE('',#1459,#1457,#853,.T.);
#1786=EDGE_CURVE('',#1459,#1458,#854,.T.);
#1787=EDGE_CURVE('',#1458,#1448,#855,.T.);
#1788=EDGE_CURVE('',#1450,#1459,#856,.T.);
#1789=EDGE_CURVE('',#1460,#1461,#857,.T.);
#1790=EDGE_CURVE('',#1462,#1460,#858,.T.);
#1791=EDGE_CURVE('',#1463,#1462,#859,.T.);
#1792=EDGE_CURVE('',#1463,#1461,#860,.T.);
#1793=EDGE_CURVE('',#1464,#1465,#861,.T.);
#1794=EDGE_CURVE('',#1466,#1464,#862,.T.);
#1795=EDGE_CURVE('',#1467,#1466,#863,.T.);
#1796=EDGE_CURVE('',#1467,#1465,#864,.T.);
#1797=EDGE_CURVE('',#1461,#1468,#865,.T.);
#1798=EDGE_CURVE('',#1469,#1463,#866,.T.);
#1799=EDGE_CURVE('',#1469,#1468,#867,.T.);
#1800=EDGE_CURVE('',#1465,#1470,#868,.T.);
#1801=EDGE_CURVE('',#1471,#1467,#869,.T.);
#1802=EDGE_CURVE('',#1471,#1470,#870,.T.);
#1803=EDGE_CURVE('',#1472,#1460,#871,.T.);
#1804=EDGE_CURVE('',#1473,#1472,#872,.T.);
#1805=EDGE_CURVE('',#1462,#1473,#873,.T.);
#1806=EDGE_CURVE('',#1468,#1472,#874,.T.);
#1807=EDGE_CURVE('',#1473,#1469,#875,.T.);
#1808=EDGE_CURVE('',#1470,#1474,#876,.T.);
#1809=EDGE_CURVE('',#1475,#1471,#877,.T.);
#1810=EDGE_CURVE('',#1475,#1474,#878,.T.);
#1811=EDGE_CURVE('',#1474,#1464,#879,.T.);
#1812=EDGE_CURVE('',#1466,#1475,#880,.T.);
#1813=EDGE_CURVE('',#1476,#1477,#881,.T.);
#1814=EDGE_CURVE('',#1478,#1476,#882,.T.);
#1815=EDGE_CURVE('',#1479,#1478,#883,.T.);
#1816=EDGE_CURVE('',#1479,#1477,#884,.T.);
#1817=EDGE_CURVE('',#1480,#1481,#885,.T.);
#1818=EDGE_CURVE('',#1482,#1480,#886,.T.);
#1819=EDGE_CURVE('',#1483,#1482,#887,.T.);
#1820=EDGE_CURVE('',#1483,#1481,#888,.T.);
#1821=EDGE_CURVE('',#1477,#1484,#889,.T.);
#1822=EDGE_CURVE('',#1485,#1479,#890,.T.);
#1823=EDGE_CURVE('',#1485,#1484,#891,.T.);
#1824=EDGE_CURVE('',#1481,#1486,#892,.T.);
#1825=EDGE_CURVE('',#1487,#1483,#893,.T.);
#1826=EDGE_CURVE('',#1487,#1486,#894,.T.);
#1827=EDGE_CURVE('',#1488,#1476,#895,.T.);
#1828=EDGE_CURVE('',#1489,#1488,#896,.T.);
#1829=EDGE_CURVE('',#1478,#1489,#897,.T.);
#1830=EDGE_CURVE('',#1484,#1488,#898,.T.);
#1831=EDGE_CURVE('',#1489,#1485,#899,.T.);
#1832=EDGE_CURVE('',#1486,#1490,#900,.T.);
#1833=EDGE_CURVE('',#1491,#1487,#901,.T.);
#1834=EDGE_CURVE('',#1491,#1490,#902,.T.);
#1835=EDGE_CURVE('',#1490,#1480,#903,.T.);
#1836=EDGE_CURVE('',#1482,#1491,#904,.T.);
#1837=EDGE_CURVE('',#1332,#1346,#905,.T.);
#1838=EDGE_CURVE('',#1343,#1333,#906,.T.);
#1839=EDGE_CURVE('',#1334,#1345,#907,.T.);
#1840=EDGE_CURVE('',#1344,#1335,#908,.T.);
#1841=EDGE_CURVE('',#1492,#1493,#909,.T.);
#1842=EDGE_CURVE('',#1492,#1494,#910,.T.);
#1843=EDGE_CURVE('',#1494,#1495,#911,.T.);
#1844=EDGE_CURVE('',#1495,#1493,#912,.T.);
#1845=EDGE_CURVE('',#1496,#1493,#913,.T.);
#1846=EDGE_CURVE('',#1496,#1497,#25,.T.);
#1847=EDGE_CURVE('',#1497,#1498,#914,.T.);
#1848=EDGE_CURVE('',#1492,#1498,#915,.T.);
#1849=EDGE_CURVE('',#1499,#1495,#916,.T.);
#1850=EDGE_CURVE('',#1500,#1499,#917,.T.);
#1851=EDGE_CURVE('',#1501,#1500,#918,.T.);
#1852=EDGE_CURVE('',#1502,#1501,#919,.T.);
#1853=EDGE_CURVE('',#1502,#1503,#920,.T.);
#1854=EDGE_CURVE('',#1503,#1504,#921,.T.);
#1855=EDGE_CURVE('',#1504,#1505,#922,.T.);
#1856=EDGE_CURVE('',#1506,#1505,#923,.T.);
#1857=EDGE_CURVE('',#1506,#1507,#924,.T.);
#1858=EDGE_CURVE('',#1507,#1508,#925,.T.);
#1859=EDGE_CURVE('',#1508,#1509,#926,.T.);
#1860=EDGE_CURVE('',#1510,#1509,#927,.T.);
#1861=EDGE_CURVE('',#1510,#1511,#928,.T.);
#1862=EDGE_CURVE('',#1511,#1496,#929,.T.);
#1863=EDGE_CURVE('',#1510,#1512,#930,.T.);
#1864=EDGE_CURVE('',#1513,#1509,#931,.T.);
#1865=EDGE_CURVE('',#1513,#1512,#932,.T.);
#1866=EDGE_CURVE('',#1508,#1514,#26,.T.);
#1867=EDGE_CURVE('',#1514,#1515,#933,.T.);
#1868=EDGE_CURVE('',#1513,#1515,#934,.T.);
#1869=EDGE_CURVE('',#1506,#1516,#935,.T.);
#1870=EDGE_CURVE('',#1517,#1505,#936,.T.);
#1871=EDGE_CURVE('',#1517,#1516,#937,.T.);
#1872=EDGE_CURVE('',#1504,#1518,#27,.T.);
#1873=EDGE_CURVE('',#1518,#1519,#938,.T.);
#1874=EDGE_CURVE('',#1517,#1519,#939,.T.);
#1875=EDGE_CURVE('',#1502,#1520,#940,.T.);
#1876=EDGE_CURVE('',#1501,#1521,#941,.T.);
#1877=EDGE_CURVE('',#1521,#1520,#942,.T.);
#1878=EDGE_CURVE('',#1522,#1521,#943,.T.);
#1879=EDGE_CURVE('',#1522,#1523,#944,.T.);
#1880=EDGE_CURVE('',#1523,#1520,#945,.T.);
#1881=EDGE_CURVE('',#1524,#1524,#617,.T.);
#1882=EDGE_CURVE('',#1525,#1525,#618,.T.);
#1883=EDGE_CURVE('',#1526,#1512,#946,.T.);
#1884=EDGE_CURVE('',#1527,#1526,#947,.T.);
#1885=EDGE_CURVE('',#1511,#1527,#28,.T.);
#1886=EDGE_CURVE('',#1527,#1497,#948,.T.);
#1887=EDGE_CURVE('',#1498,#1528,#949,.T.);
#1888=EDGE_CURVE('',#1494,#1528,#950,.T.);
#1889=EDGE_CURVE('',#1529,#1529,#619,.T.);
#1890=EDGE_CURVE('',#1530,#1530,#620,.T.);
#1891=EDGE_CURVE('',#1531,#1532,#951,.T.);
#1892=EDGE_CURVE('',#1528,#1532,#952,.T.);
#1893=EDGE_CURVE('',#1515,#1526,#953,.T.);
#1894=EDGE_CURVE('',#1533,#1514,#954,.T.);
#1895=EDGE_CURVE('',#1533,#1534,#955,.T.);
#1896=EDGE_CURVE('',#1519,#1534,#956,.T.);
#1897=EDGE_CURVE('',#1535,#1518,#957,.T.);
#1898=EDGE_CURVE('',#1535,#1523,#958,.T.);
#1899=EDGE_CURVE('',#1531,#1522,#959,.T.);
#1900=EDGE_CURVE('',#1536,#1537,#960,.T.);
#1901=EDGE_CURVE('',#1532,#1536,#961,.T.);
#1902=EDGE_CURVE('',#1537,#1531,#962,.T.);
#1903=EDGE_CURVE('',#1538,#1537,#963,.T.);
#1904=EDGE_CURVE('',#1539,#1538,#964,.T.);
#1905=EDGE_CURVE('',#1536,#1539,#965,.T.);
#1906=EDGE_CURVE('',#1534,#1516,#966,.T.);
#1907=EDGE_CURVE('',#1507,#1533,#29,.T.);
#1908=EDGE_CURVE('',#1503,#1535,#30,.T.);
#1909=EDGE_CURVE('',#1540,#1541,#621,.T.);
#1910=EDGE_CURVE('',#1541,#1542,#622,.T.);
#1911=EDGE_CURVE('',#1542,#1542,#623,.T.);
#1912=EDGE_CURVE('',#1541,#1540,#624,.T.);
#1913=EDGE_CURVE('',#1543,#1544,#967,.T.);
#1914=EDGE_CURVE('',#1545,#1543,#968,.T.);
#1915=EDGE_CURVE('',#1546,#1545,#969,.T.);
#1916=EDGE_CURVE('',#1544,#1546,#970,.T.);
#1917=EDGE_CURVE('',#1547,#1547,#625,.T.);
#1918=EDGE_CURVE('',#1548,#1548,#626,.T.);
#1919=EDGE_CURVE('',#1549,#1549,#627,.T.);
#1920=EDGE_CURVE('',#1550,#1550,#628,.T.);
#1921=EDGE_CURVE('',#1550,#1540,#971,.T.);
#1922=EDGE_CURVE('',#1551,#1552,#629,.T.);
#1923=EDGE_CURVE('',#1552,#1547,#630,.T.);
#1924=EDGE_CURVE('',#1552,#1551,#631,.T.);
#1925=EDGE_CURVE('',#1553,#1553,#632,.T.);
#1926=EDGE_CURVE('',#1553,#1551,#972,.T.);
#1927=EDGE_CURVE('',#1554,#1555,#633,.T.);
#1928=EDGE_CURVE('',#1555,#1549,#634,.T.);
#1929=EDGE_CURVE('',#1555,#1554,#635,.T.);
#1930=EDGE_CURVE('',#1556,#1556,#636,.T.);
#1931=EDGE_CURVE('',#1556,#1554,#973,.T.);
#1932=EDGE_CURVE('',#1557,#1558,#637,.T.);
#1933=EDGE_CURVE('',#1558,#1548,#638,.T.);
#1934=EDGE_CURVE('',#1558,#1557,#639,.T.);
#1935=EDGE_CURVE('',#1559,#1559,#640,.T.);
#1936=EDGE_CURVE('',#1559,#1557,#974,.T.);
#1937=EDGE_CURVE('',#1560,#1560,#641,.T.);
#1938=EDGE_CURVE('',#1560,#1530,#642,.T.);
#1939=EDGE_CURVE('',#1561,#1561,#643,.T.);
#1940=EDGE_CURVE('',#1561,#1560,#975,.T.);
#1941=EDGE_CURVE('',#1562,#1562,#644,.T.);
#1942=EDGE_CURVE('',#1562,#1525,#645,.T.);
#1943=EDGE_CURVE('',#1563,#1563,#646,.T.);
#1944=EDGE_CURVE('',#1563,#1562,#976,.T.);
#1945=EDGE_CURVE('',#1564,#1564,#647,.T.);
#1946=EDGE_CURVE('',#1564,#1529,#648,.T.);
#1947=EDGE_CURVE('',#1565,#1565,#649,.T.);
#1948=EDGE_CURVE('',#1565,#1564,#977,.T.);
#1949=EDGE_CURVE('',#1566,#1566,#650,.T.);
#1950=EDGE_CURVE('',#1566,#1524,#651,.T.);
#1951=EDGE_CURVE('',#1567,#1567,#652,.T.);
#1952=EDGE_CURVE('',#1567,#1566,#978,.T.);
#1953=EDGE_CURVE('',#1568,#1568,#653,.T.);
#1954=EDGE_CURVE('',#1568,#1569,#979,.T.);
#1955=EDGE_CURVE('',#1569,#1569,#654,.T.);
#1956=EDGE_CURVE('',#1569,#1570,#980,.T.);
#1957=EDGE_CURVE('',#1570,#1570,#655,.T.);
#1958=EDGE_CURVE('',#1571,#1571,#656,.T.);
#1959=EDGE_CURVE('',#1571,#1572,#981,.T.);
#1960=EDGE_CURVE('',#1572,#1572,#657,.T.);
#1961=EDGE_CURVE('',#1572,#1573,#982,.T.);
#1962=EDGE_CURVE('',#1573,#1573,#658,.T.);
#1963=EDGE_CURVE('',#1574,#1574,#659,.T.);
#1964=EDGE_CURVE('',#1574,#1575,#983,.T.);
#1965=EDGE_CURVE('',#1575,#1575,#660,.T.);
#1966=EDGE_CURVE('',#1575,#1576,#984,.T.);
#1967=EDGE_CURVE('',#1576,#1576,#661,.T.);
#1968=EDGE_CURVE('',#1577,#1577,#662,.T.);
#1969=EDGE_CURVE('',#1577,#1578,#985,.T.);
#1970=EDGE_CURVE('',#1578,#1578,#663,.T.);
#1971=EDGE_CURVE('',#1578,#1579,#986,.T.);
#1972=EDGE_CURVE('',#1579,#1579,#664,.T.);
#1973=EDGE_CURVE('',#1580,#1580,#665,.T.);
#1974=EDGE_CURVE('',#1580,#1581,#987,.T.);
#1975=EDGE_CURVE('',#1581,#1581,#666,.T.);
#1976=EDGE_CURVE('',#1581,#1582,#988,.T.);
#1977=EDGE_CURVE('',#1582,#1582,#667,.T.);
#1978=EDGE_CURVE('',#1583,#1583,#668,.T.);
#1979=EDGE_CURVE('',#1583,#1584,#989,.T.);
#1980=EDGE_CURVE('',#1584,#1584,#669,.T.);
#1981=EDGE_CURVE('',#1584,#1585,#990,.T.);
#1982=EDGE_CURVE('',#1585,#1585,#670,.T.);
#1983=EDGE_CURVE('',#1586,#1586,#671,.T.);
#1984=EDGE_CURVE('',#1586,#1587,#991,.T.);
#1985=EDGE_CURVE('',#1587,#1587,#672,.T.);
#1986=EDGE_CURVE('',#1587,#1588,#992,.T.);
#1987=EDGE_CURVE('',#1588,#1588,#673,.T.);
#1988=EDGE_CURVE('',#1589,#1589,#674,.T.);
#1989=EDGE_CURVE('',#1589,#1590,#993,.T.);
#1990=EDGE_CURVE('',#1590,#1590,#675,.T.);
#1991=EDGE_CURVE('',#1590,#1591,#994,.T.);
#1992=EDGE_CURVE('',#1591,#1591,#676,.T.);
#1993=EDGE_CURVE('',#1544,#1539,#995,.T.);
#1994=EDGE_CURVE('',#1538,#1543,#996,.T.);
#1995=EDGE_CURVE('',#1545,#1500,#997,.T.);
#1996=EDGE_CURVE('',#1499,#1546,#998,.T.);
#1997=EDGE_CURVE('',#1592,#1592,#1327,.T.);
#1998=EDGE_CURVE('',#1592,#1593,#999,.T.);
#1999=EDGE_CURVE('',#1593,#1593,#677,.T.);
#2000=ORIENTED_EDGE('',*,*,#1594,.F.);
#2001=ORIENTED_EDGE('',*,*,#1595,.T.);
#2002=ORIENTED_EDGE('',*,*,#1596,.F.);
#2003=ORIENTED_EDGE('',*,*,#1595,.F.);
#2004=ORIENTED_EDGE('',*,*,#1596,.T.);
#2005=ORIENTED_EDGE('',*,*,#1594,.T.);
#2006=ORIENTED_EDGE('',*,*,#1597,.T.);
#2007=ORIENTED_EDGE('',*,*,#1598,.T.);
#2008=ORIENTED_EDGE('',*,*,#1597,.F.);
#2009=ORIENTED_EDGE('',*,*,#1599,.T.);
#2010=ORIENTED_EDGE('',*,*,#1600,.F.);
#2011=ORIENTED_EDGE('',*,*,#1601,.F.);
#2012=ORIENTED_EDGE('',*,*,#1602,.F.);
#2013=ORIENTED_EDGE('',*,*,#1603,.F.);
#2014=ORIENTED_EDGE('',*,*,#1604,.F.);
#2015=ORIENTED_EDGE('',*,*,#1599,.F.);
#2016=ORIENTED_EDGE('',*,*,#1598,.F.);
#2017=ORIENTED_EDGE('',*,*,#1605,.T.);
#2018=ORIENTED_EDGE('',*,*,#1606,.F.);
#2019=ORIENTED_EDGE('',*,*,#1607,.F.);
#2020=ORIENTED_EDGE('',*,*,#1605,.F.);
#2021=ORIENTED_EDGE('',*,*,#1608,.T.);
#2022=ORIENTED_EDGE('',*,*,#1609,.T.);
#2023=ORIENTED_EDGE('',*,*,#1608,.F.);
#2024=ORIENTED_EDGE('',*,*,#1604,.T.);
#2025=ORIENTED_EDGE('',*,*,#1609,.F.);
#2026=ORIENTED_EDGE('',*,*,#1610,.T.);
#2027=ORIENTED_EDGE('',*,*,#1611,.F.);
#2028=ORIENTED_EDGE('',*,*,#1612,.F.);
#2029=ORIENTED_EDGE('',*,*,#1610,.F.);
#2030=ORIENTED_EDGE('',*,*,#1612,.T.);
#2031=ORIENTED_EDGE('',*,*,#1613,.T.);
#2032=ORIENTED_EDGE('',*,*,#1614,.T.);
#2033=ORIENTED_EDGE('',*,*,#1613,.F.);
#2034=ORIENTED_EDGE('',*,*,#1611,.T.);
#2035=ORIENTED_EDGE('',*,*,#1615,.T.);
#2036=ORIENTED_EDGE('',*,*,#1616,.F.);
#2037=ORIENTED_EDGE('',*,*,#1617,.F.);
#2038=ORIENTED_EDGE('',*,*,#1618,.T.);
#2039=ORIENTED_EDGE('',*,*,#1619,.F.);
#2040=ORIENTED_EDGE('',*,*,#1614,.F.);
#2041=ORIENTED_EDGE('',*,*,#1607,.T.);
#2042=ORIENTED_EDGE('',*,*,#1620,.T.);
#2043=ORIENTED_EDGE('',*,*,#1619,.T.);
#2044=ORIENTED_EDGE('',*,*,#1620,.F.);
#2045=ORIENTED_EDGE('',*,*,#1606,.T.);
#2046=ORIENTED_EDGE('',*,*,#1621,.F.);
#2047=ORIENTED_EDGE('',*,*,#1622,.T.);
#2048=ORIENTED_EDGE('',*,*,#1623,.F.);
#2049=ORIENTED_EDGE('',*,*,#1624,.F.);
#2050=ORIENTED_EDGE('',*,*,#1625,.F.);
#2051=ORIENTED_EDGE('',*,*,#1626,.F.);
#2052=ORIENTED_EDGE('',*,*,#1627,.F.);
#2053=ORIENTED_EDGE('',*,*,#1628,.T.);
#2054=ORIENTED_EDGE('',*,*,#1629,.F.);
#2055=ORIENTED_EDGE('',*,*,#1624,.T.);
#2056=ORIENTED_EDGE('',*,*,#1630,.F.);
#2057=ORIENTED_EDGE('',*,*,#1631,.F.);
#2058=ORIENTED_EDGE('',*,*,#1632,.F.);
#2059=ORIENTED_EDGE('',*,*,#1633,.T.);
#2060=ORIENTED_EDGE('',*,*,#1634,.F.);
#2061=ORIENTED_EDGE('',*,*,#1622,.F.);
#2062=ORIENTED_EDGE('',*,*,#1635,.F.);
#2063=ORIENTED_EDGE('',*,*,#1628,.F.);
#2064=ORIENTED_EDGE('',*,*,#1636,.F.);
#2065=ORIENTED_EDGE('',*,*,#1637,.T.);
#2066=ORIENTED_EDGE('',*,*,#1638,.F.);
#2067=ORIENTED_EDGE('',*,*,#1631,.T.);
#2068=ORIENTED_EDGE('',*,*,#1639,.F.);
#2069=ORIENTED_EDGE('',*,*,#1633,.F.);
#2070=ORIENTED_EDGE('',*,*,#1640,.F.);
#2071=ORIENTED_EDGE('',*,*,#1637,.F.);
#2072=ORIENTED_EDGE('',*,*,#1641,.F.);
#2073=ORIENTED_EDGE('',*,*,#1642,.T.);
#2074=ORIENTED_EDGE('',*,*,#1643,.F.);
#2075=ORIENTED_EDGE('',*,*,#1642,.F.);
#2076=ORIENTED_EDGE('',*,*,#1644,.F.);
#2077=ORIENTED_EDGE('',*,*,#1626,.T.);
#2078=ORIENTED_EDGE('',*,*,#1645,.F.);
#2079=ORIENTED_EDGE('',*,*,#1646,.T.);
#2080=ORIENTED_EDGE('',*,*,#1647,.F.);
#2081=ORIENTED_EDGE('',*,*,#1648,.F.);
#2082=ORIENTED_EDGE('',*,*,#1649,.F.);
#2083=ORIENTED_EDGE('',*,*,#1650,.F.);
#2084=ORIENTED_EDGE('',*,*,#1651,.F.);
#2085=ORIENTED_EDGE('',*,*,#1652,.T.);
#2086=ORIENTED_EDGE('',*,*,#1653,.F.);
#2087=ORIENTED_EDGE('',*,*,#1648,.T.);
#2088=ORIENTED_EDGE('',*,*,#1654,.F.);
#2089=ORIENTED_EDGE('',*,*,#1655,.F.);
#2090=ORIENTED_EDGE('',*,*,#1656,.F.);
#2091=ORIENTED_EDGE('',*,*,#1657,.T.);
#2092=ORIENTED_EDGE('',*,*,#1658,.F.);
#2093=ORIENTED_EDGE('',*,*,#1646,.F.);
#2094=ORIENTED_EDGE('',*,*,#1659,.F.);
#2095=ORIENTED_EDGE('',*,*,#1652,.F.);
#2096=ORIENTED_EDGE('',*,*,#1660,.F.);
#2097=ORIENTED_EDGE('',*,*,#1661,.T.);
#2098=ORIENTED_EDGE('',*,*,#1662,.F.);
#2099=ORIENTED_EDGE('',*,*,#1655,.T.);
#2100=ORIENTED_EDGE('',*,*,#1663,.F.);
#2101=ORIENTED_EDGE('',*,*,#1657,.F.);
#2102=ORIENTED_EDGE('',*,*,#1664,.F.);
#2103=ORIENTED_EDGE('',*,*,#1661,.F.);
#2104=ORIENTED_EDGE('',*,*,#1665,.F.);
#2105=ORIENTED_EDGE('',*,*,#1666,.T.);
#2106=ORIENTED_EDGE('',*,*,#1667,.F.);
#2107=ORIENTED_EDGE('',*,*,#1666,.F.);
#2108=ORIENTED_EDGE('',*,*,#1668,.F.);
#2109=ORIENTED_EDGE('',*,*,#1650,.T.);
#2110=ORIENTED_EDGE('',*,*,#1669,.F.);
#2111=ORIENTED_EDGE('',*,*,#1670,.T.);
#2112=ORIENTED_EDGE('',*,*,#1671,.F.);
#2113=ORIENTED_EDGE('',*,*,#1672,.F.);
#2114=ORIENTED_EDGE('',*,*,#1673,.F.);
#2115=ORIENTED_EDGE('',*,*,#1674,.F.);
#2116=ORIENTED_EDGE('',*,*,#1675,.F.);
#2117=ORIENTED_EDGE('',*,*,#1676,.T.);
#2118=ORIENTED_EDGE('',*,*,#1677,.F.);
#2119=ORIENTED_EDGE('',*,*,#1672,.T.);
#2120=ORIENTED_EDGE('',*,*,#1678,.F.);
#2121=ORIENTED_EDGE('',*,*,#1679,.F.);
#2122=ORIENTED_EDGE('',*,*,#1680,.F.);
#2123=ORIENTED_EDGE('',*,*,#1681,.T.);
#2124=ORIENTED_EDGE('',*,*,#1682,.F.);
#2125=ORIENTED_EDGE('',*,*,#1670,.F.);
#2126=ORIENTED_EDGE('',*,*,#1683,.F.);
#2127=ORIENTED_EDGE('',*,*,#1676,.F.);
#2128=ORIENTED_EDGE('',*,*,#1684,.F.);
#2129=ORIENTED_EDGE('',*,*,#1685,.T.);
#2130=ORIENTED_EDGE('',*,*,#1686,.F.);
#2131=ORIENTED_EDGE('',*,*,#1679,.T.);
#2132=ORIENTED_EDGE('',*,*,#1687,.F.);
#2133=ORIENTED_EDGE('',*,*,#1681,.F.);
#2134=ORIENTED_EDGE('',*,*,#1688,.F.);
#2135=ORIENTED_EDGE('',*,*,#1685,.F.);
#2136=ORIENTED_EDGE('',*,*,#1689,.F.);
#2137=ORIENTED_EDGE('',*,*,#1690,.T.);
#2138=ORIENTED_EDGE('',*,*,#1691,.F.);
#2139=ORIENTED_EDGE('',*,*,#1690,.F.);
#2140=ORIENTED_EDGE('',*,*,#1692,.F.);
#2141=ORIENTED_EDGE('',*,*,#1674,.T.);
#2142=ORIENTED_EDGE('',*,*,#1693,.F.);
#2143=ORIENTED_EDGE('',*,*,#1694,.T.);
#2144=ORIENTED_EDGE('',*,*,#1695,.F.);
#2145=ORIENTED_EDGE('',*,*,#1696,.F.);
#2146=ORIENTED_EDGE('',*,*,#1697,.F.);
#2147=ORIENTED_EDGE('',*,*,#1698,.F.);
#2148=ORIENTED_EDGE('',*,*,#1699,.F.);
#2149=ORIENTED_EDGE('',*,*,#1700,.T.);
#2150=ORIENTED_EDGE('',*,*,#1701,.F.);
#2151=ORIENTED_EDGE('',*,*,#1696,.T.);
#2152=ORIENTED_EDGE('',*,*,#1702,.F.);
#2153=ORIENTED_EDGE('',*,*,#1703,.F.);
#2154=ORIENTED_EDGE('',*,*,#1704,.F.);
#2155=ORIENTED_EDGE('',*,*,#1705,.T.);
#2156=ORIENTED_EDGE('',*,*,#1706,.F.);
#2157=ORIENTED_EDGE('',*,*,#1694,.F.);
#2158=ORIENTED_EDGE('',*,*,#1707,.F.);
#2159=ORIENTED_EDGE('',*,*,#1700,.F.);
#2160=ORIENTED_EDGE('',*,*,#1708,.F.);
#2161=ORIENTED_EDGE('',*,*,#1709,.T.);
#2162=ORIENTED_EDGE('',*,*,#1710,.F.);
#2163=ORIENTED_EDGE('',*,*,#1703,.T.);
#2164=ORIENTED_EDGE('',*,*,#1711,.F.);
#2165=ORIENTED_EDGE('',*,*,#1705,.F.);
#2166=ORIENTED_EDGE('',*,*,#1712,.F.);
#2167=ORIENTED_EDGE('',*,*,#1709,.F.);
#2168=ORIENTED_EDGE('',*,*,#1713,.F.);
#2169=ORIENTED_EDGE('',*,*,#1714,.T.);
#2170=ORIENTED_EDGE('',*,*,#1715,.F.);
#2171=ORIENTED_EDGE('',*,*,#1714,.F.);
#2172=ORIENTED_EDGE('',*,*,#1716,.F.);
#2173=ORIENTED_EDGE('',*,*,#1698,.T.);
#2174=ORIENTED_EDGE('',*,*,#1717,.F.);
#2175=ORIENTED_EDGE('',*,*,#1718,.T.);
#2176=ORIENTED_EDGE('',*,*,#1719,.F.);
#2177=ORIENTED_EDGE('',*,*,#1720,.F.);
#2178=ORIENTED_EDGE('',*,*,#1721,.F.);
#2179=ORIENTED_EDGE('',*,*,#1722,.F.);
#2180=ORIENTED_EDGE('',*,*,#1723,.F.);
#2181=ORIENTED_EDGE('',*,*,#1724,.T.);
#2182=ORIENTED_EDGE('',*,*,#1725,.F.);
#2183=ORIENTED_EDGE('',*,*,#1720,.T.);
#2184=ORIENTED_EDGE('',*,*,#1726,.F.);
#2185=ORIENTED_EDGE('',*,*,#1727,.F.);
#2186=ORIENTED_EDGE('',*,*,#1728,.F.);
#2187=ORIENTED_EDGE('',*,*,#1729,.T.);
#2188=ORIENTED_EDGE('',*,*,#1730,.F.);
#2189=ORIENTED_EDGE('',*,*,#1718,.F.);
#2190=ORIENTED_EDGE('',*,*,#1731,.F.);
#2191=ORIENTED_EDGE('',*,*,#1724,.F.);
#2192=ORIENTED_EDGE('',*,*,#1732,.F.);
#2193=ORIENTED_EDGE('',*,*,#1733,.T.);
#2194=ORIENTED_EDGE('',*,*,#1734,.F.);
#2195=ORIENTED_EDGE('',*,*,#1727,.T.);
#2196=ORIENTED_EDGE('',*,*,#1735,.F.);
#2197=ORIENTED_EDGE('',*,*,#1729,.F.);
#2198=ORIENTED_EDGE('',*,*,#1736,.F.);
#2199=ORIENTED_EDGE('',*,*,#1733,.F.);
#2200=ORIENTED_EDGE('',*,*,#1737,.F.);
#2201=ORIENTED_EDGE('',*,*,#1738,.T.);
#2202=ORIENTED_EDGE('',*,*,#1739,.F.);
#2203=ORIENTED_EDGE('',*,*,#1738,.F.);
#2204=ORIENTED_EDGE('',*,*,#1740,.F.);
#2205=ORIENTED_EDGE('',*,*,#1722,.T.);
#2206=ORIENTED_EDGE('',*,*,#1741,.F.);
#2207=ORIENTED_EDGE('',*,*,#1742,.T.);
#2208=ORIENTED_EDGE('',*,*,#1743,.F.);
#2209=ORIENTED_EDGE('',*,*,#1744,.F.);
#2210=ORIENTED_EDGE('',*,*,#1745,.F.);
#2211=ORIENTED_EDGE('',*,*,#1746,.F.);
#2212=ORIENTED_EDGE('',*,*,#1747,.F.);
#2213=ORIENTED_EDGE('',*,*,#1748,.T.);
#2214=ORIENTED_EDGE('',*,*,#1749,.F.);
#2215=ORIENTED_EDGE('',*,*,#1744,.T.);
#2216=ORIENTED_EDGE('',*,*,#1750,.F.);
#2217=ORIENTED_EDGE('',*,*,#1751,.F.);
#2218=ORIENTED_EDGE('',*,*,#1752,.F.);
#2219=ORIENTED_EDGE('',*,*,#1753,.T.);
#2220=ORIENTED_EDGE('',*,*,#1754,.F.);
#2221=ORIENTED_EDGE('',*,*,#1742,.F.);
#2222=ORIENTED_EDGE('',*,*,#1755,.F.);
#2223=ORIENTED_EDGE('',*,*,#1748,.F.);
#2224=ORIENTED_EDGE('',*,*,#1756,.F.);
#2225=ORIENTED_EDGE('',*,*,#1757,.T.);
#2226=ORIENTED_EDGE('',*,*,#1758,.F.);
#2227=ORIENTED_EDGE('',*,*,#1751,.T.);
#2228=ORIENTED_EDGE('',*,*,#1759,.F.);
#2229=ORIENTED_EDGE('',*,*,#1753,.F.);
#2230=ORIENTED_EDGE('',*,*,#1760,.F.);
#2231=ORIENTED_EDGE('',*,*,#1757,.F.);
#2232=ORIENTED_EDGE('',*,*,#1761,.F.);
#2233=ORIENTED_EDGE('',*,*,#1762,.T.);
#2234=ORIENTED_EDGE('',*,*,#1763,.F.);
#2235=ORIENTED_EDGE('',*,*,#1762,.F.);
#2236=ORIENTED_EDGE('',*,*,#1764,.F.);
#2237=ORIENTED_EDGE('',*,*,#1746,.T.);
#2238=ORIENTED_EDGE('',*,*,#1765,.F.);
#2239=ORIENTED_EDGE('',*,*,#1766,.T.);
#2240=ORIENTED_EDGE('',*,*,#1767,.F.);
#2241=ORIENTED_EDGE('',*,*,#1768,.F.);
#2242=ORIENTED_EDGE('',*,*,#1769,.F.);
#2243=ORIENTED_EDGE('',*,*,#1770,.F.);
#2244=ORIENTED_EDGE('',*,*,#1771,.F.);
#2245=ORIENTED_EDGE('',*,*,#1772,.T.);
#2246=ORIENTED_EDGE('',*,*,#1773,.F.);
#2247=ORIENTED_EDGE('',*,*,#1768,.T.);
#2248=ORIENTED_EDGE('',*,*,#1774,.F.);
#2249=ORIENTED_EDGE('',*,*,#1775,.F.);
#2250=ORIENTED_EDGE('',*,*,#1776,.F.);
#2251=ORIENTED_EDGE('',*,*,#1777,.T.);
#2252=ORIENTED_EDGE('',*,*,#1778,.F.);
#2253=ORIENTED_EDGE('',*,*,#1766,.F.);
#2254=ORIENTED_EDGE('',*,*,#1779,.F.);
#2255=ORIENTED_EDGE('',*,*,#1772,.F.);
#2256=ORIENTED_EDGE('',*,*,#1780,.F.);
#2257=ORIENTED_EDGE('',*,*,#1781,.T.);
#2258=ORIENTED_EDGE('',*,*,#1782,.F.);
#2259=ORIENTED_EDGE('',*,*,#1775,.T.);
#2260=ORIENTED_EDGE('',*,*,#1783,.F.);
#2261=ORIENTED_EDGE('',*,*,#1777,.F.);
#2262=ORIENTED_EDGE('',*,*,#1784,.F.);
#2263=ORIENTED_EDGE('',*,*,#1781,.F.);
#2264=ORIENTED_EDGE('',*,*,#1785,.F.);
#2265=ORIENTED_EDGE('',*,*,#1786,.T.);
#2266=ORIENTED_EDGE('',*,*,#1787,.F.);
#2267=ORIENTED_EDGE('',*,*,#1786,.F.);
#2268=ORIENTED_EDGE('',*,*,#1788,.F.);
#2269=ORIENTED_EDGE('',*,*,#1770,.T.);
#2270=ORIENTED_EDGE('',*,*,#1789,.F.);
#2271=ORIENTED_EDGE('',*,*,#1790,.F.);
#2272=ORIENTED_EDGE('',*,*,#1791,.F.);
#2273=ORIENTED_EDGE('',*,*,#1792,.T.);
#2274=ORIENTED_EDGE('',*,*,#1793,.F.);
#2275=ORIENTED_EDGE('',*,*,#1794,.F.);
#2276=ORIENTED_EDGE('',*,*,#1795,.F.);
#2277=ORIENTED_EDGE('',*,*,#1796,.T.);
#2278=ORIENTED_EDGE('',*,*,#1797,.F.);
#2279=ORIENTED_EDGE('',*,*,#1792,.F.);
#2280=ORIENTED_EDGE('',*,*,#1798,.F.);
#2281=ORIENTED_EDGE('',*,*,#1799,.T.);
#2282=ORIENTED_EDGE('',*,*,#1800,.F.);
#2283=ORIENTED_EDGE('',*,*,#1796,.F.);
#2284=ORIENTED_EDGE('',*,*,#1801,.F.);
#2285=ORIENTED_EDGE('',*,*,#1802,.T.);
#2286=ORIENTED_EDGE('',*,*,#1803,.F.);
#2287=ORIENTED_EDGE('',*,*,#1804,.F.);
#2288=ORIENTED_EDGE('',*,*,#1805,.F.);
#2289=ORIENTED_EDGE('',*,*,#1790,.T.);
#2290=ORIENTED_EDGE('',*,*,#1806,.F.);
#2291=ORIENTED_EDGE('',*,*,#1799,.F.);
#2292=ORIENTED_EDGE('',*,*,#1807,.F.);
#2293=ORIENTED_EDGE('',*,*,#1804,.T.);
#2294=ORIENTED_EDGE('',*,*,#1808,.F.);
#2295=ORIENTED_EDGE('',*,*,#1802,.F.);
#2296=ORIENTED_EDGE('',*,*,#1809,.F.);
#2297=ORIENTED_EDGE('',*,*,#1810,.T.);
#2298=ORIENTED_EDGE('',*,*,#1811,.F.);
#2299=ORIENTED_EDGE('',*,*,#1810,.F.);
#2300=ORIENTED_EDGE('',*,*,#1812,.F.);
#2301=ORIENTED_EDGE('',*,*,#1794,.T.);
#2302=ORIENTED_EDGE('',*,*,#1813,.F.);
#2303=ORIENTED_EDGE('',*,*,#1814,.F.);
#2304=ORIENTED_EDGE('',*,*,#1815,.F.);
#2305=ORIENTED_EDGE('',*,*,#1816,.T.);
#2306=ORIENTED_EDGE('',*,*,#1817,.F.);
#2307=ORIENTED_EDGE('',*,*,#1818,.F.);
#2308=ORIENTED_EDGE('',*,*,#1819,.F.);
#2309=ORIENTED_EDGE('',*,*,#1820,.T.);
#2310=ORIENTED_EDGE('',*,*,#1821,.F.);
#2311=ORIENTED_EDGE('',*,*,#1816,.F.);
#2312=ORIENTED_EDGE('',*,*,#1822,.F.);
#2313=ORIENTED_EDGE('',*,*,#1823,.T.);
#2314=ORIENTED_EDGE('',*,*,#1824,.F.);
#2315=ORIENTED_EDGE('',*,*,#1820,.F.);
#2316=ORIENTED_EDGE('',*,*,#1825,.F.);
#2317=ORIENTED_EDGE('',*,*,#1826,.T.);
#2318=ORIENTED_EDGE('',*,*,#1827,.F.);
#2319=ORIENTED_EDGE('',*,*,#1828,.F.);
#2320=ORIENTED_EDGE('',*,*,#1829,.F.);
#2321=ORIENTED_EDGE('',*,*,#1814,.T.);
#2322=ORIENTED_EDGE('',*,*,#1830,.F.);
#2323=ORIENTED_EDGE('',*,*,#1823,.F.);
#2324=ORIENTED_EDGE('',*,*,#1831,.F.);
#2325=ORIENTED_EDGE('',*,*,#1828,.T.);
#2326=ORIENTED_EDGE('',*,*,#1832,.F.);
#2327=ORIENTED_EDGE('',*,*,#1826,.F.);
#2328=ORIENTED_EDGE('',*,*,#1833,.F.);
#2329=ORIENTED_EDGE('',*,*,#1834,.T.);
#2330=ORIENTED_EDGE('',*,*,#1835,.F.);
#2331=ORIENTED_EDGE('',*,*,#1834,.F.);
#2332=ORIENTED_EDGE('',*,*,#1836,.F.);
#2333=ORIENTED_EDGE('',*,*,#1818,.T.);
#2334=ORIENTED_EDGE('',*,*,#1837,.F.);
#2335=ORIENTED_EDGE('',*,*,#1600,.T.);
#2336=ORIENTED_EDGE('',*,*,#1838,.F.);
#2337=ORIENTED_EDGE('',*,*,#1618,.F.);
#2338=ORIENTED_EDGE('',*,*,#1640,.T.);
#2339=ORIENTED_EDGE('',*,*,#1643,.T.);
#2340=ORIENTED_EDGE('',*,*,#1625,.T.);
#2341=ORIENTED_EDGE('',*,*,#1635,.T.);
#2342=ORIENTED_EDGE('',*,*,#1664,.T.);
#2343=ORIENTED_EDGE('',*,*,#1667,.T.);
#2344=ORIENTED_EDGE('',*,*,#1649,.T.);
#2345=ORIENTED_EDGE('',*,*,#1659,.T.);
#2346=ORIENTED_EDGE('',*,*,#1688,.T.);
#2347=ORIENTED_EDGE('',*,*,#1691,.T.);
#2348=ORIENTED_EDGE('',*,*,#1673,.T.);
#2349=ORIENTED_EDGE('',*,*,#1683,.T.);
#2350=ORIENTED_EDGE('',*,*,#1617,.T.);
#2351=ORIENTED_EDGE('',*,*,#1839,.F.);
#2352=ORIENTED_EDGE('',*,*,#1601,.T.);
#2353=ORIENTED_EDGE('',*,*,#1837,.T.);
#2354=ORIENTED_EDGE('',*,*,#1712,.T.);
#2355=ORIENTED_EDGE('',*,*,#1715,.T.);
#2356=ORIENTED_EDGE('',*,*,#1697,.T.);
#2357=ORIENTED_EDGE('',*,*,#1707,.T.);
#2358=ORIENTED_EDGE('',*,*,#1736,.T.);
#2359=ORIENTED_EDGE('',*,*,#1739,.T.);
#2360=ORIENTED_EDGE('',*,*,#1721,.T.);
#2361=ORIENTED_EDGE('',*,*,#1731,.T.);
#2362=ORIENTED_EDGE('',*,*,#1760,.T.);
#2363=ORIENTED_EDGE('',*,*,#1763,.T.);
#2364=ORIENTED_EDGE('',*,*,#1745,.T.);
#2365=ORIENTED_EDGE('',*,*,#1755,.T.);
#2366=ORIENTED_EDGE('',*,*,#1784,.T.);
#2367=ORIENTED_EDGE('',*,*,#1787,.T.);
#2368=ORIENTED_EDGE('',*,*,#1769,.T.);
#2369=ORIENTED_EDGE('',*,*,#1779,.T.);
#2370=ORIENTED_EDGE('',*,*,#1806,.T.);
#2371=ORIENTED_EDGE('',*,*,#1803,.T.);
#2372=ORIENTED_EDGE('',*,*,#1789,.T.);
#2373=ORIENTED_EDGE('',*,*,#1797,.T.);
#2374=ORIENTED_EDGE('',*,*,#1830,.T.);
#2375=ORIENTED_EDGE('',*,*,#1827,.T.);
#2376=ORIENTED_EDGE('',*,*,#1813,.T.);
#2377=ORIENTED_EDGE('',*,*,#1821,.T.);
#2378=ORIENTED_EDGE('',*,*,#1839,.T.);
#2379=ORIENTED_EDGE('',*,*,#1616,.T.);
#2380=ORIENTED_EDGE('',*,*,#1840,.T.);
#2381=ORIENTED_EDGE('',*,*,#1602,.T.);
#2382=ORIENTED_EDGE('',*,*,#1638,.T.);
#2383=ORIENTED_EDGE('',*,*,#1632,.T.);
#2384=ORIENTED_EDGE('',*,*,#1621,.T.);
#2385=ORIENTED_EDGE('',*,*,#1629,.T.);
#2386=ORIENTED_EDGE('',*,*,#1662,.T.);
#2387=ORIENTED_EDGE('',*,*,#1656,.T.);
#2388=ORIENTED_EDGE('',*,*,#1645,.T.);
#2389=ORIENTED_EDGE('',*,*,#1653,.T.);
#2390=ORIENTED_EDGE('',*,*,#1686,.T.);
#2391=ORIENTED_EDGE('',*,*,#1680,.T.);
#2392=ORIENTED_EDGE('',*,*,#1669,.T.);
#2393=ORIENTED_EDGE('',*,*,#1677,.T.);
#2394=ORIENTED_EDGE('',*,*,#1615,.F.);
#2395=ORIENTED_EDGE('',*,*,#1838,.T.);
#2396=ORIENTED_EDGE('',*,*,#1603,.T.);
#2397=ORIENTED_EDGE('',*,*,#1840,.F.);
#2398=ORIENTED_EDGE('',*,*,#1710,.T.);
#2399=ORIENTED_EDGE('',*,*,#1704,.T.);
#2400=ORIENTED_EDGE('',*,*,#1693,.T.);
#2401=ORIENTED_EDGE('',*,*,#1701,.T.);
#2402=ORIENTED_EDGE('',*,*,#1734,.T.);
#2403=ORIENTED_EDGE('',*,*,#1728,.T.);
#2404=ORIENTED_EDGE('',*,*,#1717,.T.);
#2405=ORIENTED_EDGE('',*,*,#1725,.T.);
#2406=ORIENTED_EDGE('',*,*,#1758,.T.);
#2407=ORIENTED_EDGE('',*,*,#1752,.T.);
#2408=ORIENTED_EDGE('',*,*,#1741,.T.);
#2409=ORIENTED_EDGE('',*,*,#1749,.T.);
#2410=ORIENTED_EDGE('',*,*,#1782,.T.);
#2411=ORIENTED_EDGE('',*,*,#1776,.T.);
#2412=ORIENTED_EDGE('',*,*,#1765,.T.);
#2413=ORIENTED_EDGE('',*,*,#1773,.T.);
#2414=ORIENTED_EDGE('',*,*,#1809,.T.);
#2415=ORIENTED_EDGE('',*,*,#1801,.T.);
#2416=ORIENTED_EDGE('',*,*,#1795,.T.);
#2417=ORIENTED_EDGE('',*,*,#1812,.T.);
#2418=ORIENTED_EDGE('',*,*,#1833,.T.);
#2419=ORIENTED_EDGE('',*,*,#1825,.T.);
#2420=ORIENTED_EDGE('',*,*,#1819,.T.);
#2421=ORIENTED_EDGE('',*,*,#1836,.T.);
#2422=ORIENTED_EDGE('',*,*,#1841,.F.);
#2423=ORIENTED_EDGE('',*,*,#1842,.T.);
#2424=ORIENTED_EDGE('',*,*,#1843,.T.);
#2425=ORIENTED_EDGE('',*,*,#1844,.T.);
#2426=ORIENTED_EDGE('',*,*,#1841,.T.);
#2427=ORIENTED_EDGE('',*,*,#1845,.F.);
#2428=ORIENTED_EDGE('',*,*,#1846,.T.);
#2429=ORIENTED_EDGE('',*,*,#1847,.T.);
#2430=ORIENTED_EDGE('',*,*,#1848,.F.);
#2431=ORIENTED_EDGE('',*,*,#1844,.F.);
#2432=ORIENTED_EDGE('',*,*,#1849,.F.);
#2433=ORIENTED_EDGE('',*,*,#1850,.F.);
#2434=ORIENTED_EDGE('',*,*,#1851,.F.);
#2435=ORIENTED_EDGE('',*,*,#1852,.F.);
#2436=ORIENTED_EDGE('',*,*,#1853,.T.);
#2437=ORIENTED_EDGE('',*,*,#1854,.T.);
#2438=ORIENTED_EDGE('',*,*,#1855,.T.);
#2439=ORIENTED_EDGE('',*,*,#1856,.F.);
#2440=ORIENTED_EDGE('',*,*,#1857,.T.);
#2441=ORIENTED_EDGE('',*,*,#1858,.T.);
#2442=ORIENTED_EDGE('',*,*,#1859,.T.);
#2443=ORIENTED_EDGE('',*,*,#1860,.F.);
#2444=ORIENTED_EDGE('',*,*,#1861,.T.);
#2445=ORIENTED_EDGE('',*,*,#1862,.T.);
#2446=ORIENTED_EDGE('',*,*,#1845,.T.);
#2447=ORIENTED_EDGE('',*,*,#1711,.T.);
#2448=ORIENTED_EDGE('',*,*,#1702,.T.);
#2449=ORIENTED_EDGE('',*,*,#1695,.T.);
#2450=ORIENTED_EDGE('',*,*,#1706,.T.);
#2451=ORIENTED_EDGE('',*,*,#1735,.T.);
#2452=ORIENTED_EDGE('',*,*,#1726,.T.);
#2453=ORIENTED_EDGE('',*,*,#1719,.T.);
#2454=ORIENTED_EDGE('',*,*,#1730,.T.);
#2455=ORIENTED_EDGE('',*,*,#1759,.T.);
#2456=ORIENTED_EDGE('',*,*,#1750,.T.);
#2457=ORIENTED_EDGE('',*,*,#1743,.T.);
#2458=ORIENTED_EDGE('',*,*,#1754,.T.);
#2459=ORIENTED_EDGE('',*,*,#1783,.T.);
#2460=ORIENTED_EDGE('',*,*,#1774,.T.);
#2461=ORIENTED_EDGE('',*,*,#1767,.T.);
#2462=ORIENTED_EDGE('',*,*,#1778,.T.);
#2463=ORIENTED_EDGE('',*,*,#1808,.T.);
#2464=ORIENTED_EDGE('',*,*,#1811,.T.);
#2465=ORIENTED_EDGE('',*,*,#1793,.T.);
#2466=ORIENTED_EDGE('',*,*,#1800,.T.);
#2467=ORIENTED_EDGE('',*,*,#1832,.T.);
#2468=ORIENTED_EDGE('',*,*,#1835,.T.);
#2469=ORIENTED_EDGE('',*,*,#1817,.T.);
#2470=ORIENTED_EDGE('',*,*,#1824,.T.);
#2471=ORIENTED_EDGE('',*,*,#1863,.F.);
#2472=ORIENTED_EDGE('',*,*,#1860,.T.);
#2473=ORIENTED_EDGE('',*,*,#1864,.F.);
#2474=ORIENTED_EDGE('',*,*,#1865,.T.);
#2475=ORIENTED_EDGE('',*,*,#1864,.T.);
#2476=ORIENTED_EDGE('',*,*,#1859,.F.);
#2477=ORIENTED_EDGE('',*,*,#1866,.T.);
#2478=ORIENTED_EDGE('',*,*,#1867,.T.);
#2479=ORIENTED_EDGE('',*,*,#1868,.F.);
#2480=ORIENTED_EDGE('',*,*,#1869,.F.);
#2481=ORIENTED_EDGE('',*,*,#1856,.T.);
#2482=ORIENTED_EDGE('',*,*,#1870,.F.);
#2483=ORIENTED_EDGE('',*,*,#1871,.T.);
#2484=ORIENTED_EDGE('',*,*,#1870,.T.);
#2485=ORIENTED_EDGE('',*,*,#1855,.F.);
#2486=ORIENTED_EDGE('',*,*,#1872,.T.);
#2487=ORIENTED_EDGE('',*,*,#1873,.T.);
#2488=ORIENTED_EDGE('',*,*,#1874,.F.);
#2489=ORIENTED_EDGE('',*,*,#1875,.F.);
#2490=ORIENTED_EDGE('',*,*,#1852,.T.);
#2491=ORIENTED_EDGE('',*,*,#1876,.T.);
#2492=ORIENTED_EDGE('',*,*,#1877,.T.);
#2493=ORIENTED_EDGE('',*,*,#1877,.F.);
#2494=ORIENTED_EDGE('',*,*,#1878,.F.);
#2495=ORIENTED_EDGE('',*,*,#1879,.T.);
#2496=ORIENTED_EDGE('',*,*,#1880,.T.);
#2497=ORIENTED_EDGE('',*,*,#1881,.F.);
#2498=ORIENTED_EDGE('',*,*,#1882,.F.);
#2499=ORIENTED_EDGE('',*,*,#1863,.T.);
#2500=ORIENTED_EDGE('',*,*,#1883,.F.);
#2501=ORIENTED_EDGE('',*,*,#1884,.F.);
#2502=ORIENTED_EDGE('',*,*,#1885,.F.);
#2503=ORIENTED_EDGE('',*,*,#1861,.F.);
#2504=ORIENTED_EDGE('',*,*,#1862,.F.);
#2505=ORIENTED_EDGE('',*,*,#1885,.T.);
#2506=ORIENTED_EDGE('',*,*,#1886,.T.);
#2507=ORIENTED_EDGE('',*,*,#1846,.F.);
#2508=ORIENTED_EDGE('',*,*,#1842,.F.);
#2509=ORIENTED_EDGE('',*,*,#1848,.T.);
#2510=ORIENTED_EDGE('',*,*,#1887,.T.);
#2511=ORIENTED_EDGE('',*,*,#1888,.F.);
#2512=ORIENTED_EDGE('',*,*,#1889,.F.);
#2513=ORIENTED_EDGE('',*,*,#1890,.F.);
#2514=ORIENTED_EDGE('',*,*,#1891,.T.);
#2515=ORIENTED_EDGE('',*,*,#1892,.F.);
#2516=ORIENTED_EDGE('',*,*,#1887,.F.);
#2517=ORIENTED_EDGE('',*,*,#1847,.F.);
#2518=ORIENTED_EDGE('',*,*,#1886,.F.);
#2519=ORIENTED_EDGE('',*,*,#1884,.T.);
#2520=ORIENTED_EDGE('',*,*,#1893,.F.);
#2521=ORIENTED_EDGE('',*,*,#1867,.F.);
#2522=ORIENTED_EDGE('',*,*,#1894,.F.);
#2523=ORIENTED_EDGE('',*,*,#1895,.T.);
#2524=ORIENTED_EDGE('',*,*,#1896,.F.);
#2525=ORIENTED_EDGE('',*,*,#1873,.F.);
#2526=ORIENTED_EDGE('',*,*,#1897,.F.);
#2527=ORIENTED_EDGE('',*,*,#1898,.T.);
#2528=ORIENTED_EDGE('',*,*,#1879,.F.);
#2529=ORIENTED_EDGE('',*,*,#1899,.F.);
#2530=ORIENTED_EDGE('',*,*,#1900,.F.);
#2531=ORIENTED_EDGE('',*,*,#1901,.F.);
#2532=ORIENTED_EDGE('',*,*,#1891,.F.);
#2533=ORIENTED_EDGE('',*,*,#1902,.F.);
#2534=ORIENTED_EDGE('',*,*,#1900,.T.);
#2535=ORIENTED_EDGE('',*,*,#1903,.F.);
#2536=ORIENTED_EDGE('',*,*,#1904,.F.);
#2537=ORIENTED_EDGE('',*,*,#1905,.F.);
#2538=ORIENTED_EDGE('',*,*,#1713,.T.);
#2539=ORIENTED_EDGE('',*,*,#1708,.T.);
#2540=ORIENTED_EDGE('',*,*,#1699,.T.);
#2541=ORIENTED_EDGE('',*,*,#1716,.T.);
#2542=ORIENTED_EDGE('',*,*,#1737,.T.);
#2543=ORIENTED_EDGE('',*,*,#1732,.T.);
#2544=ORIENTED_EDGE('',*,*,#1723,.T.);
#2545=ORIENTED_EDGE('',*,*,#1740,.T.);
#2546=ORIENTED_EDGE('',*,*,#1761,.T.);
#2547=ORIENTED_EDGE('',*,*,#1756,.T.);
#2548=ORIENTED_EDGE('',*,*,#1747,.T.);
#2549=ORIENTED_EDGE('',*,*,#1764,.T.);
#2550=ORIENTED_EDGE('',*,*,#1785,.T.);
#2551=ORIENTED_EDGE('',*,*,#1780,.T.);
#2552=ORIENTED_EDGE('',*,*,#1771,.T.);
#2553=ORIENTED_EDGE('',*,*,#1788,.T.);
#2554=ORIENTED_EDGE('',*,*,#1807,.T.);
#2555=ORIENTED_EDGE('',*,*,#1798,.T.);
#2556=ORIENTED_EDGE('',*,*,#1791,.T.);
#2557=ORIENTED_EDGE('',*,*,#1805,.T.);
#2558=ORIENTED_EDGE('',*,*,#1831,.T.);
#2559=ORIENTED_EDGE('',*,*,#1822,.T.);
#2560=ORIENTED_EDGE('',*,*,#1815,.T.);
#2561=ORIENTED_EDGE('',*,*,#1829,.T.);
#2562=ORIENTED_EDGE('',*,*,#1869,.T.);
#2563=ORIENTED_EDGE('',*,*,#1906,.F.);
#2564=ORIENTED_EDGE('',*,*,#1895,.F.);
#2565=ORIENTED_EDGE('',*,*,#1907,.F.);
#2566=ORIENTED_EDGE('',*,*,#1857,.F.);
#2567=ORIENTED_EDGE('',*,*,#1858,.F.);
#2568=ORIENTED_EDGE('',*,*,#1907,.T.);
#2569=ORIENTED_EDGE('',*,*,#1894,.T.);
#2570=ORIENTED_EDGE('',*,*,#1866,.F.);
#2571=ORIENTED_EDGE('',*,*,#1865,.F.);
#2572=ORIENTED_EDGE('',*,*,#1868,.T.);
#2573=ORIENTED_EDGE('',*,*,#1893,.T.);
#2574=ORIENTED_EDGE('',*,*,#1883,.T.);
#2575=ORIENTED_EDGE('',*,*,#1875,.T.);
#2576=ORIENTED_EDGE('',*,*,#1880,.F.);
#2577=ORIENTED_EDGE('',*,*,#1898,.F.);
#2578=ORIENTED_EDGE('',*,*,#1908,.F.);
#2579=ORIENTED_EDGE('',*,*,#1853,.F.);
#2580=ORIENTED_EDGE('',*,*,#1854,.F.);
#2581=ORIENTED_EDGE('',*,*,#1908,.T.);
#2582=ORIENTED_EDGE('',*,*,#1897,.T.);
#2583=ORIENTED_EDGE('',*,*,#1872,.F.);
#2584=ORIENTED_EDGE('',*,*,#1871,.F.);
#2585=ORIENTED_EDGE('',*,*,#1874,.T.);
#2586=ORIENTED_EDGE('',*,*,#1896,.T.);
#2587=ORIENTED_EDGE('',*,*,#1906,.T.);
#2588=ORIENTED_EDGE('',*,*,#1909,.T.);
#2589=ORIENTED_EDGE('',*,*,#1910,.T.);
#2590=ORIENTED_EDGE('',*,*,#1911,.T.);
#2591=ORIENTED_EDGE('',*,*,#1910,.F.);
#2592=ORIENTED_EDGE('',*,*,#1912,.T.);
#2593=ORIENTED_EDGE('',*,*,#1913,.F.);
#2594=ORIENTED_EDGE('',*,*,#1914,.F.);
#2595=ORIENTED_EDGE('',*,*,#1915,.F.);
#2596=ORIENTED_EDGE('',*,*,#1916,.F.);
#2597=ORIENTED_EDGE('',*,*,#1917,.F.);
#2598=ORIENTED_EDGE('',*,*,#1918,.F.);
#2599=ORIENTED_EDGE('',*,*,#1919,.F.);
#2600=ORIENTED_EDGE('',*,*,#1911,.F.);
#2601=ORIENTED_EDGE('',*,*,#1920,.F.);
#2602=ORIENTED_EDGE('',*,*,#1921,.T.);
#2603=ORIENTED_EDGE('',*,*,#1912,.F.);
#2604=ORIENTED_EDGE('',*,*,#1909,.F.);
#2605=ORIENTED_EDGE('',*,*,#1921,.F.);
#2606=ORIENTED_EDGE('',*,*,#1922,.T.);
#2607=ORIENTED_EDGE('',*,*,#1923,.T.);
#2608=ORIENTED_EDGE('',*,*,#1917,.T.);
#2609=ORIENTED_EDGE('',*,*,#1923,.F.);
#2610=ORIENTED_EDGE('',*,*,#1924,.T.);
#2611=ORIENTED_EDGE('',*,*,#1925,.F.);
#2612=ORIENTED_EDGE('',*,*,#1926,.T.);
#2613=ORIENTED_EDGE('',*,*,#1924,.F.);
#2614=ORIENTED_EDGE('',*,*,#1922,.F.);
#2615=ORIENTED_EDGE('',*,*,#1926,.F.);
#2616=ORIENTED_EDGE('',*,*,#1927,.T.);
#2617=ORIENTED_EDGE('',*,*,#1928,.T.);
#2618=ORIENTED_EDGE('',*,*,#1919,.T.);
#2619=ORIENTED_EDGE('',*,*,#1928,.F.);
#2620=ORIENTED_EDGE('',*,*,#1929,.T.);
#2621=ORIENTED_EDGE('',*,*,#1930,.F.);
#2622=ORIENTED_EDGE('',*,*,#1931,.T.);
#2623=ORIENTED_EDGE('',*,*,#1929,.F.);
#2624=ORIENTED_EDGE('',*,*,#1927,.F.);
#2625=ORIENTED_EDGE('',*,*,#1931,.F.);
#2626=ORIENTED_EDGE('',*,*,#1932,.T.);
#2627=ORIENTED_EDGE('',*,*,#1933,.T.);
#2628=ORIENTED_EDGE('',*,*,#1918,.T.);
#2629=ORIENTED_EDGE('',*,*,#1933,.F.);
#2630=ORIENTED_EDGE('',*,*,#1934,.T.);
#2631=ORIENTED_EDGE('',*,*,#1935,.F.);
#2632=ORIENTED_EDGE('',*,*,#1936,.T.);
#2633=ORIENTED_EDGE('',*,*,#1934,.F.);
#2634=ORIENTED_EDGE('',*,*,#1932,.F.);
#2635=ORIENTED_EDGE('',*,*,#1936,.F.);
#2636=ORIENTED_EDGE('',*,*,#1937,.T.);
#2637=ORIENTED_EDGE('',*,*,#1938,.T.);
#2638=ORIENTED_EDGE('',*,*,#1890,.T.);
#2639=ORIENTED_EDGE('',*,*,#1938,.F.);
#2640=ORIENTED_EDGE('',*,*,#1939,.F.);
#2641=ORIENTED_EDGE('',*,*,#1940,.T.);
#2642=ORIENTED_EDGE('',*,*,#1937,.F.);
#2643=ORIENTED_EDGE('',*,*,#1940,.F.);
#2644=ORIENTED_EDGE('',*,*,#1941,.T.);
#2645=ORIENTED_EDGE('',*,*,#1942,.T.);
#2646=ORIENTED_EDGE('',*,*,#1882,.T.);
#2647=ORIENTED_EDGE('',*,*,#1942,.F.);
#2648=ORIENTED_EDGE('',*,*,#1943,.F.);
#2649=ORIENTED_EDGE('',*,*,#1944,.T.);
#2650=ORIENTED_EDGE('',*,*,#1941,.F.);
#2651=ORIENTED_EDGE('',*,*,#1944,.F.);
#2652=ORIENTED_EDGE('',*,*,#1945,.T.);
#2653=ORIENTED_EDGE('',*,*,#1946,.T.);
#2654=ORIENTED_EDGE('',*,*,#1889,.T.);
#2655=ORIENTED_EDGE('',*,*,#1946,.F.);
#2656=ORIENTED_EDGE('',*,*,#1947,.F.);
#2657=ORIENTED_EDGE('',*,*,#1948,.T.);
#2658=ORIENTED_EDGE('',*,*,#1945,.F.);
#2659=ORIENTED_EDGE('',*,*,#1948,.F.);
#2660=ORIENTED_EDGE('',*,*,#1949,.T.);
#2661=ORIENTED_EDGE('',*,*,#1950,.T.);
#2662=ORIENTED_EDGE('',*,*,#1881,.T.);
#2663=ORIENTED_EDGE('',*,*,#1950,.F.);
#2664=ORIENTED_EDGE('',*,*,#1951,.F.);
#2665=ORIENTED_EDGE('',*,*,#1952,.T.);
#2666=ORIENTED_EDGE('',*,*,#1949,.F.);
#2667=ORIENTED_EDGE('',*,*,#1952,.F.);
#2668=ORIENTED_EDGE('',*,*,#1953,.F.);
#2669=ORIENTED_EDGE('',*,*,#1954,.T.);
#2670=ORIENTED_EDGE('',*,*,#1955,.T.);
#2671=ORIENTED_EDGE('',*,*,#1954,.F.);
#2672=ORIENTED_EDGE('',*,*,#1955,.F.);
#2673=ORIENTED_EDGE('',*,*,#1956,.T.);
#2674=ORIENTED_EDGE('',*,*,#1957,.T.);
#2675=ORIENTED_EDGE('',*,*,#1956,.F.);
#2676=ORIENTED_EDGE('',*,*,#1957,.F.);
#2677=ORIENTED_EDGE('',*,*,#1958,.F.);
#2678=ORIENTED_EDGE('',*,*,#1959,.T.);
#2679=ORIENTED_EDGE('',*,*,#1960,.T.);
#2680=ORIENTED_EDGE('',*,*,#1959,.F.);
#2681=ORIENTED_EDGE('',*,*,#1960,.F.);
#2682=ORIENTED_EDGE('',*,*,#1961,.T.);
#2683=ORIENTED_EDGE('',*,*,#1962,.T.);
#2684=ORIENTED_EDGE('',*,*,#1961,.F.);
#2685=ORIENTED_EDGE('',*,*,#1962,.F.);
#2686=ORIENTED_EDGE('',*,*,#1963,.F.);
#2687=ORIENTED_EDGE('',*,*,#1964,.T.);
#2688=ORIENTED_EDGE('',*,*,#1965,.T.);
#2689=ORIENTED_EDGE('',*,*,#1964,.F.);
#2690=ORIENTED_EDGE('',*,*,#1965,.F.);
#2691=ORIENTED_EDGE('',*,*,#1966,.T.);
#2692=ORIENTED_EDGE('',*,*,#1967,.T.);
#2693=ORIENTED_EDGE('',*,*,#1966,.F.);
#2694=ORIENTED_EDGE('',*,*,#1967,.F.);
#2695=ORIENTED_EDGE('',*,*,#1968,.F.);
#2696=ORIENTED_EDGE('',*,*,#1969,.T.);
#2697=ORIENTED_EDGE('',*,*,#1970,.T.);
#2698=ORIENTED_EDGE('',*,*,#1969,.F.);
#2699=ORIENTED_EDGE('',*,*,#1970,.F.);
#2700=ORIENTED_EDGE('',*,*,#1971,.T.);
#2701=ORIENTED_EDGE('',*,*,#1972,.T.);
#2702=ORIENTED_EDGE('',*,*,#1971,.F.);
#2703=ORIENTED_EDGE('',*,*,#1972,.F.);
#2704=ORIENTED_EDGE('',*,*,#1973,.F.);
#2705=ORIENTED_EDGE('',*,*,#1974,.T.);
#2706=ORIENTED_EDGE('',*,*,#1975,.T.);
#2707=ORIENTED_EDGE('',*,*,#1974,.F.);
#2708=ORIENTED_EDGE('',*,*,#1975,.F.);
#2709=ORIENTED_EDGE('',*,*,#1976,.T.);
#2710=ORIENTED_EDGE('',*,*,#1977,.T.);
#2711=ORIENTED_EDGE('',*,*,#1976,.F.);
#2712=ORIENTED_EDGE('',*,*,#1977,.F.);
#2713=ORIENTED_EDGE('',*,*,#1978,.F.);
#2714=ORIENTED_EDGE('',*,*,#1979,.T.);
#2715=ORIENTED_EDGE('',*,*,#1980,.T.);
#2716=ORIENTED_EDGE('',*,*,#1979,.F.);
#2717=ORIENTED_EDGE('',*,*,#1980,.F.);
#2718=ORIENTED_EDGE('',*,*,#1981,.T.);
#2719=ORIENTED_EDGE('',*,*,#1982,.T.);
#2720=ORIENTED_EDGE('',*,*,#1981,.F.);
#2721=ORIENTED_EDGE('',*,*,#1982,.F.);
#2722=ORIENTED_EDGE('',*,*,#1983,.F.);
#2723=ORIENTED_EDGE('',*,*,#1984,.T.);
#2724=ORIENTED_EDGE('',*,*,#1985,.T.);
#2725=ORIENTED_EDGE('',*,*,#1984,.F.);
#2726=ORIENTED_EDGE('',*,*,#1985,.F.);
#2727=ORIENTED_EDGE('',*,*,#1986,.T.);
#2728=ORIENTED_EDGE('',*,*,#1987,.T.);
#2729=ORIENTED_EDGE('',*,*,#1986,.F.);
#2730=ORIENTED_EDGE('',*,*,#1987,.F.);
#2731=ORIENTED_EDGE('',*,*,#1988,.F.);
#2732=ORIENTED_EDGE('',*,*,#1989,.T.);
#2733=ORIENTED_EDGE('',*,*,#1990,.T.);
#2734=ORIENTED_EDGE('',*,*,#1989,.F.);
#2735=ORIENTED_EDGE('',*,*,#1990,.F.);
#2736=ORIENTED_EDGE('',*,*,#1991,.T.);
#2737=ORIENTED_EDGE('',*,*,#1992,.T.);
#2738=ORIENTED_EDGE('',*,*,#1991,.F.);
#2739=ORIENTED_EDGE('',*,*,#1992,.F.);
#2740=ORIENTED_EDGE('',*,*,#1920,.T.);
#2741=ORIENTED_EDGE('',*,*,#1973,.T.);
#2742=ORIENTED_EDGE('',*,*,#1935,.T.);
#2743=ORIENTED_EDGE('',*,*,#1988,.T.);
#2744=ORIENTED_EDGE('',*,*,#1925,.T.);
#2745=ORIENTED_EDGE('',*,*,#1978,.T.);
#2746=ORIENTED_EDGE('',*,*,#1930,.T.);
#2747=ORIENTED_EDGE('',*,*,#1983,.T.);
#2748=ORIENTED_EDGE('',*,*,#1939,.T.);
#2749=ORIENTED_EDGE('',*,*,#1953,.T.);
#2750=ORIENTED_EDGE('',*,*,#1951,.T.);
#2751=ORIENTED_EDGE('',*,*,#1958,.T.);
#2752=ORIENTED_EDGE('',*,*,#1943,.T.);
#2753=ORIENTED_EDGE('',*,*,#1968,.T.);
#2754=ORIENTED_EDGE('',*,*,#1947,.T.);
#2755=ORIENTED_EDGE('',*,*,#1963,.T.);
#2756=ORIENTED_EDGE('',*,*,#1993,.T.);
#2757=ORIENTED_EDGE('',*,*,#1904,.T.);
#2758=ORIENTED_EDGE('',*,*,#1994,.T.);
#2759=ORIENTED_EDGE('',*,*,#1913,.T.);
#2760=ORIENTED_EDGE('',*,*,#1994,.F.);
#2761=ORIENTED_EDGE('',*,*,#1903,.T.);
#2762=ORIENTED_EDGE('',*,*,#1902,.T.);
#2763=ORIENTED_EDGE('',*,*,#1899,.T.);
#2764=ORIENTED_EDGE('',*,*,#1878,.T.);
#2765=ORIENTED_EDGE('',*,*,#1876,.F.);
#2766=ORIENTED_EDGE('',*,*,#1851,.T.);
#2767=ORIENTED_EDGE('',*,*,#1995,.F.);
#2768=ORIENTED_EDGE('',*,*,#1914,.T.);
#2769=ORIENTED_EDGE('',*,*,#1641,.T.);
#2770=ORIENTED_EDGE('',*,*,#1636,.T.);
#2771=ORIENTED_EDGE('',*,*,#1627,.T.);
#2772=ORIENTED_EDGE('',*,*,#1644,.T.);
#2773=ORIENTED_EDGE('',*,*,#1665,.T.);
#2774=ORIENTED_EDGE('',*,*,#1660,.T.);
#2775=ORIENTED_EDGE('',*,*,#1651,.T.);
#2776=ORIENTED_EDGE('',*,*,#1668,.T.);
#2777=ORIENTED_EDGE('',*,*,#1689,.T.);
#2778=ORIENTED_EDGE('',*,*,#1684,.T.);
#2779=ORIENTED_EDGE('',*,*,#1675,.T.);
#2780=ORIENTED_EDGE('',*,*,#1692,.T.);
#2781=ORIENTED_EDGE('',*,*,#1996,.T.);
#2782=ORIENTED_EDGE('',*,*,#1915,.T.);
#2783=ORIENTED_EDGE('',*,*,#1995,.T.);
#2784=ORIENTED_EDGE('',*,*,#1850,.T.);
#2785=ORIENTED_EDGE('',*,*,#1993,.F.);
#2786=ORIENTED_EDGE('',*,*,#1916,.T.);
#2787=ORIENTED_EDGE('',*,*,#1996,.F.);
#2788=ORIENTED_EDGE('',*,*,#1849,.T.);
#2789=ORIENTED_EDGE('',*,*,#1843,.F.);
#2790=ORIENTED_EDGE('',*,*,#1888,.T.);
#2791=ORIENTED_EDGE('',*,*,#1892,.T.);
#2792=ORIENTED_EDGE('',*,*,#1901,.T.);
#2793=ORIENTED_EDGE('',*,*,#1905,.T.);
#2794=ORIENTED_EDGE('',*,*,#1639,.T.);
#2795=ORIENTED_EDGE('',*,*,#1630,.T.);
#2796=ORIENTED_EDGE('',*,*,#1623,.T.);
#2797=ORIENTED_EDGE('',*,*,#1634,.T.);
#2798=ORIENTED_EDGE('',*,*,#1663,.T.);
#2799=ORIENTED_EDGE('',*,*,#1654,.T.);
#2800=ORIENTED_EDGE('',*,*,#1647,.T.);
#2801=ORIENTED_EDGE('',*,*,#1658,.T.);
#2802=ORIENTED_EDGE('',*,*,#1687,.T.);
#2803=ORIENTED_EDGE('',*,*,#1678,.T.);
#2804=ORIENTED_EDGE('',*,*,#1671,.T.);
#2805=ORIENTED_EDGE('',*,*,#1682,.T.);
#2806=ORIENTED_EDGE('',*,*,#1997,.F.);
#2807=ORIENTED_EDGE('',*,*,#1998,.T.);
#2808=ORIENTED_EDGE('',*,*,#1999,.F.);
#2809=ORIENTED_EDGE('',*,*,#1998,.F.);
#2810=ORIENTED_EDGE('',*,*,#1997,.T.);
#2811=ORIENTED_EDGE('',*,*,#1999,.T.);
#2812=CYLINDRICAL_SURFACE('',#3013,1.);
#2813=CYLINDRICAL_SURFACE('',#3023,2.5);
#2814=CYLINDRICAL_SURFACE('',#3028,2.5);
#2815=CYLINDRICAL_SURFACE('',#3145,5.);
#2816=CYLINDRICAL_SURFACE('',#3151,5.);
#2817=CYLINDRICAL_SURFACE('',#3157,5.);
#2818=CYLINDRICAL_SURFACE('',#3163,5.);
#2819=CYLINDRICAL_SURFACE('',#3168,5.);
#2820=CYLINDRICAL_SURFACE('',#3173,5.);
#2821=CYLINDRICAL_SURFACE('',#3178,5.);
#2822=CYLINDRICAL_SURFACE('',#3183,5.);
#2823=CYLINDRICAL_SURFACE('',#3188,2.25);
#2824=CYLINDRICAL_SURFACE('',#3194,2.25);
#2825=CYLINDRICAL_SURFACE('',#3200,2.25);
#2826=CYLINDRICAL_SURFACE('',#3206,2.25);
#2827=CYLINDRICAL_SURFACE('',#3212,2.25);
#2828=CYLINDRICAL_SURFACE('',#3218,2.25);
#2829=CYLINDRICAL_SURFACE('',#3224,2.25);
#2830=CYLINDRICAL_SURFACE('',#3230,2.25);
#2831=CYLINDRICAL_SURFACE('',#3245,1.);
#2832=ADVANCED_FACE('',(#222),#2812,.F.);
#2833=ADVANCED_FACE('',(#223),#101,.F.);
#2834=ADVANCED_FACE('',(#224),#102,.F.);
#2835=ADVANCED_FACE('',(#225),#97,.T.);
#2836=ADVANCED_FACE('',(#226,#41,#42),#103,.F.);
#2837=ADVANCED_FACE('',(#227),#2813,.T.);
#2838=ADVANCED_FACE('',(#228),#98,.T.);
#2839=ADVANCED_FACE('',(#229),#2814,.T.);
#2840=ADVANCED_FACE('',(#230),#31,.F.);
#2841=ADVANCED_FACE('',(#231,#43,#44),#104,.F.);
#2842=ADVANCED_FACE('',(#232),#32,.F.);
#2843=ADVANCED_FACE('',(#233),#105,.F.);
#2844=ADVANCED_FACE('',(#234),#106,.F.);
#2845=ADVANCED_FACE('',(#235),#107,.F.);
#2846=ADVANCED_FACE('',(#236),#108,.F.);
#2847=ADVANCED_FACE('',(#237),#109,.F.);
#2848=ADVANCED_FACE('',(#238),#110,.F.);
#2849=ADVANCED_FACE('',(#239),#111,.F.);
#2850=ADVANCED_FACE('',(#240),#112,.F.);
#2851=ADVANCED_FACE('',(#241),#113,.F.);
#2852=ADVANCED_FACE('',(#242),#114,.F.);
#2853=ADVANCED_FACE('',(#243),#115,.F.);
#2854=ADVANCED_FACE('',(#244),#116,.F.);
#2855=ADVANCED_FACE('',(#245),#117,.F.);
#2856=ADVANCED_FACE('',(#246),#118,.F.);
#2857=ADVANCED_FACE('',(#247),#119,.F.);
#2858=ADVANCED_FACE('',(#248),#120,.F.);
#2859=ADVANCED_FACE('',(#249),#121,.F.);
#2860=ADVANCED_FACE('',(#250),#122,.F.);
#2861=ADVANCED_FACE('',(#251),#123,.F.);
#2862=ADVANCED_FACE('',(#252),#124,.F.);
#2863=ADVANCED_FACE('',(#253),#125,.F.);
#2864=ADVANCED_FACE('',(#254),#126,.F.);
#2865=ADVANCED_FACE('',(#255),#127,.F.);
#2866=ADVANCED_FACE('',(#256),#128,.F.);
#2867=ADVANCED_FACE('',(#257),#129,.F.);
#2868=ADVANCED_FACE('',(#258),#130,.F.);
#2869=ADVANCED_FACE('',(#259),#131,.F.);
#2870=ADVANCED_FACE('',(#260),#132,.F.);
#2871=ADVANCED_FACE('',(#261),#133,.F.);
#2872=ADVANCED_FACE('',(#262),#134,.F.);
#2873=ADVANCED_FACE('',(#263),#135,.F.);
#2874=ADVANCED_FACE('',(#264),#136,.F.);
#2875=ADVANCED_FACE('',(#265),#137,.F.);
#2876=ADVANCED_FACE('',(#266),#138,.F.);
#2877=ADVANCED_FACE('',(#267),#139,.F.);
#2878=ADVANCED_FACE('',(#268),#140,.F.);
#2879=ADVANCED_FACE('',(#269),#141,.F.);
#2880=ADVANCED_FACE('',(#270),#142,.F.);
#2881=ADVANCED_FACE('',(#271),#143,.F.);
#2882=ADVANCED_FACE('',(#272),#144,.F.);
#2883=ADVANCED_FACE('',(#273),#145,.F.);
#2884=ADVANCED_FACE('',(#274),#146,.F.);
#2885=ADVANCED_FACE('',(#275),#147,.F.);
#2886=ADVANCED_FACE('',(#276),#148,.F.);
#2887=ADVANCED_FACE('',(#277),#149,.F.);
#2888=ADVANCED_FACE('',(#278),#150,.F.);
#2889=ADVANCED_FACE('',(#279),#151,.F.);
#2890=ADVANCED_FACE('',(#280),#152,.F.);
#2891=ADVANCED_FACE('',(#281),#153,.F.);
#2892=ADVANCED_FACE('',(#282),#154,.F.);
#2893=ADVANCED_FACE('',(#283),#155,.F.);
#2894=ADVANCED_FACE('',(#284),#156,.F.);
#2895=ADVANCED_FACE('',(#285),#157,.F.);
#2896=ADVANCED_FACE('',(#286),#158,.F.);
#2897=ADVANCED_FACE('',(#287),#159,.F.);
#2898=ADVANCED_FACE('',(#288),#160,.F.);
#2899=ADVANCED_FACE('',(#289),#161,.F.);
#2900=ADVANCED_FACE('',(#290),#162,.F.);
#2901=ADVANCED_FACE('',(#291),#163,.F.);
#2902=ADVANCED_FACE('',(#292),#164,.F.);
#2903=ADVANCED_FACE('',(#293),#165,.F.);
#2904=ADVANCED_FACE('',(#294),#166,.F.);
#2905=ADVANCED_FACE('',(#295),#167,.F.);
#2906=ADVANCED_FACE('',(#296),#168,.F.);
#2907=ADVANCED_FACE('',(#297),#169,.F.);
#2908=ADVANCED_FACE('',(#298),#170,.F.);
#2909=ADVANCED_FACE('',(#299),#171,.F.);
#2910=ADVANCED_FACE('',(#300),#172,.F.);
#2911=ADVANCED_FACE('',(#301),#173,.F.);
#2912=ADVANCED_FACE('',(#302),#174,.F.);
#2913=ADVANCED_FACE('',(#303),#175,.F.);
#2914=ADVANCED_FACE('',(#304),#176,.F.);
#2915=ADVANCED_FACE('',(#305,#45,#46,#47),#177,.F.);
#2916=ADVANCED_FACE('',(#306,#48,#49,#50,#51,#52,#53),#178,.F.);
#2917=ADVANCED_FACE('',(#307,#54,#55,#56),#179,.F.);
#2918=ADVANCED_FACE('',(#308,#57,#58,#59,#60,#61,#62),#180,.F.);
#2919=ADVANCED_FACE('',(#309),#181,.T.);
#2920=ADVANCED_FACE('',(#310),#182,.T.);
#2921=ADVANCED_FACE('',(#311,#63,#64,#65,#66,#67,#68),#183,.T.);
#2922=ADVANCED_FACE('',(#312),#184,.T.);
#2923=ADVANCED_FACE('',(#313),#185,.T.);
#2924=ADVANCED_FACE('',(#314),#186,.T.);
#2925=ADVANCED_FACE('',(#315),#187,.T.);
#2926=ADVANCED_FACE('',(#316),#188,.T.);
#2927=ADVANCED_FACE('',(#317,#69,#70),#189,.T.);
#2928=ADVANCED_FACE('',(#318),#190,.F.);
#2929=ADVANCED_FACE('',(#319),#22,.T.);
#2930=ADVANCED_FACE('',(#320,#71,#72),#191,.T.);
#2931=ADVANCED_FACE('',(#321),#192,.T.);
#2932=ADVANCED_FACE('',(#322),#193,.T.);
#2933=ADVANCED_FACE('',(#323,#73,#74,#75,#76,#77,#78),#194,.T.);
#2934=ADVANCED_FACE('',(#324),#195,.F.);
#2935=ADVANCED_FACE('',(#325),#23,.T.);
#2936=ADVANCED_FACE('',(#326),#196,.T.);
#2937=ADVANCED_FACE('',(#327),#197,.F.);
#2938=ADVANCED_FACE('',(#328),#24,.T.);
#2939=ADVANCED_FACE('',(#329),#198,.T.);
#2940=ADVANCED_FACE('',(#330),#33,.F.);
#2941=ADVANCED_FACE('',(#331,#79,#80,#81,#82),#199,.T.);
#2942=ADVANCED_FACE('',(#332),#2815,.T.);
#2943=ADVANCED_FACE('',(#333),#34,.F.);
#2944=ADVANCED_FACE('',(#334),#2816,.T.);
#2945=ADVANCED_FACE('',(#335),#35,.F.);
#2946=ADVANCED_FACE('',(#336),#2817,.T.);
#2947=ADVANCED_FACE('',(#337),#36,.F.);
#2948=ADVANCED_FACE('',(#338),#2818,.T.);
#2949=ADVANCED_FACE('',(#339),#37,.F.);
#2950=ADVANCED_FACE('',(#340),#2819,.T.);
#2951=ADVANCED_FACE('',(#341),#38,.F.);
#2952=ADVANCED_FACE('',(#342),#2820,.T.);
#2953=ADVANCED_FACE('',(#343),#39,.F.);
#2954=ADVANCED_FACE('',(#344),#2821,.T.);
#2955=ADVANCED_FACE('',(#345),#40,.F.);
#2956=ADVANCED_FACE('',(#346),#2822,.T.);
#2957=ADVANCED_FACE('',(#347),#14,.F.);
#2958=ADVANCED_FACE('',(#348),#2823,.F.);
#2959=ADVANCED_FACE('',(#349),#200,.F.);
#2960=ADVANCED_FACE('',(#350),#15,.F.);
#2961=ADVANCED_FACE('',(#351),#2824,.F.);
#2962=ADVANCED_FACE('',(#352),#201,.F.);
#2963=ADVANCED_FACE('',(#353),#16,.F.);
#2964=ADVANCED_FACE('',(#354),#2825,.F.);
#2965=ADVANCED_FACE('',(#355),#202,.F.);
#2966=ADVANCED_FACE('',(#356),#17,.F.);
#2967=ADVANCED_FACE('',(#357),#2826,.F.);
#2968=ADVANCED_FACE('',(#358),#203,.F.);
#2969=ADVANCED_FACE('',(#359),#18,.F.);
#2970=ADVANCED_FACE('',(#360),#2827,.F.);
#2971=ADVANCED_FACE('',(#361),#204,.F.);
#2972=ADVANCED_FACE('',(#362),#19,.F.);
#2973=ADVANCED_FACE('',(#363),#2828,.F.);
#2974=ADVANCED_FACE('',(#364),#205,.F.);
#2975=ADVANCED_FACE('',(#365),#20,.F.);
#2976=ADVANCED_FACE('',(#366),#2829,.F.);
#2977=ADVANCED_FACE('',(#367),#206,.F.);
#2978=ADVANCED_FACE('',(#368),#21,.F.);
#2979=ADVANCED_FACE('',(#369),#2830,.F.);
#2980=ADVANCED_FACE('',(#370),#207,.F.);
#2981=ADVANCED_FACE('',(#371,#83),#208,.T.);
#2982=ADVANCED_FACE('',(#372,#84),#209,.T.);
#2983=ADVANCED_FACE('',(#373,#85),#210,.T.);
#2984=ADVANCED_FACE('',(#374,#86),#211,.T.);
#2985=ADVANCED_FACE('',(#375,#87),#212,.T.);
#2986=ADVANCED_FACE('',(#376,#88),#213,.T.);
#2987=ADVANCED_FACE('',(#377,#89),#214,.T.);
#2988=ADVANCED_FACE('',(#378,#90),#215,.T.);
#2989=ADVANCED_FACE('',(#379),#216,.T.);
#2990=ADVANCED_FACE('',(#380,#91,#92,#93),#217,.T.);
#2991=ADVANCED_FACE('',(#381),#218,.T.);
#2992=ADVANCED_FACE('',(#382,#94,#95,#96),#219,.T.);
#2993=ADVANCED_FACE('',(#383),#2831,.F.);
#2994=ADVANCED_FACE('',(#384),#220,.F.);
#2995=ADVANCED_FACE('',(#385),#221,.F.);
#2996=CLOSED_SHELL('',(#2832,#2833,#2834));
#2997=CLOSED_SHELL('',(#2835,#2836,#2837,#2838,#2839,#2840,#2841,#2842,
#2843,#2844,#2845,#2846,#2847,#2848,#2849,#2850,#2851,#2852,#2853,#2854,
#2855,#2856,#2857,#2858,#2859,#2860,#2861,#2862,#2863,#2864,#2865,#2866,
#2867,#2868,#2869,#2870,#2871,#2872,#2873,#2874,#2875,#2876,#2877,#2878,
#2879,#2880,#2881,#2882,#2883,#2884,#2885,#2886,#2887,#2888,#2889,#2890,
#2891,#2892,#2893,#2894,#2895,#2896,#2897,#2898,#2899,#2900,#2901,#2902,
#2903,#2904,#2905,#2906,#2907,#2908,#2909,#2910,#2911,#2912,#2913,#2914,
#2915,#2916,#2917,#2918,#2919,#2920,#2921,#2922,#2923,#2924,#2925,#2926,
#2927,#2928,#2929,#2930,#2931,#2932,#2933,#2934,#2935,#2936,#2937,#2938,
#2939,#2940,#2941,#2942,#2943,#2944,#2945,#2946,#2947,#2948,#2949,#2950,
#2951,#2952,#2953,#2954,#2955,#2956,#2957,#2958,#2959,#2960,#2961,#2962,
#2963,#2964,#2965,#2966,#2967,#2968,#2969,#2970,#2971,#2972,#2973,#2974,
#2975,#2976,#2977,#2978,#2979,#2980,#2981,#2982,#2983,#2984,#2985,#2986,
#2987,#2988,#2989,#2990,#2991,#2992));
#2998=CLOSED_SHELL('',(#2993,#2994,#2995));
#2999=BREP_WITH_VOIDS('Body1',#2997,(#99,#100));
#3000=DERIVED_UNIT_ELEMENT(#3002,1.);
#3001=DERIVED_UNIT_ELEMENT(#5203,-3.);
#3002=(
MASS_UNIT()
NAMED_UNIT(*)
SI_UNIT(.KILO.,.GRAM.)
);
#3003=DERIVED_UNIT((#3000,#3001));
#3004=MEASURE_REPRESENTATION_ITEM('density measure',
POSITIVE_RATIO_MEASURE(7850.),#3003);
#3005=PROPERTY_DEFINITION_REPRESENTATION(#3010,#3007);
#3006=PROPERTY_DEFINITION_REPRESENTATION(#3011,#3008);
#3007=REPRESENTATION('material name',(#3009),#5200);
#3008=REPRESENTATION('density',(#3004),#5200);
#3009=DESCRIPTIVE_REPRESENTATION_ITEM('Steel','Steel');
#3010=PROPERTY_DEFINITION('material property','material name',#5210);
#3011=PROPERTY_DEFINITION('material property','density of part',#5210);
#3012=AXIS2_PLACEMENT_3D('',#4048,#3250,#3251);
#3013=AXIS2_PLACEMENT_3D('',#4049,#3252,#3253);
#3014=AXIS2_PLACEMENT_3D('',#4051,#3254,#3255);
#3015=AXIS2_PLACEMENT_3D('',#4054,#3257,#3258);
#3016=AXIS2_PLACEMENT_3D('',#4055,#3259,#3260);
#3017=AXIS2_PLACEMENT_3D('',#4056,#3261,#3262);
#3018=AXIS2_PLACEMENT_3D('',#4131,#3263,#3264);
#3019=AXIS2_PLACEMENT_3D('',#4132,#3265,#3266);
#3020=AXIS2_PLACEMENT_3D('',#4133,#3267,#3268);
#3021=AXIS2_PLACEMENT_3D('',#4134,#3269,#3270);
#3022=AXIS2_PLACEMENT_3D('',#4144,#3275,#3276);
#3023=AXIS2_PLACEMENT_3D('',#4145,#3277,#3278);
#3024=AXIS2_PLACEMENT_3D('',#4149,#3280,#3281);
#3025=AXIS2_PLACEMENT_3D('',#4150,#3282,#3283);
#3026=AXIS2_PLACEMENT_3D('',#4224,#3284,#3285);
#3027=AXIS2_PLACEMENT_3D('',#4225,#3286,#3287);
#3028=AXIS2_PLACEMENT_3D('',#4226,#3288,#3289);
#3029=AXIS2_PLACEMENT_3D('',#4230,#3291,#3292);
#3030=AXIS2_PLACEMENT_3D('',#4231,#3293,#3294);
#3031=AXIS2_PLACEMENT_3D('',#4232,#3295,#3296);
#3032=AXIS2_PLACEMENT_3D('',#4234,#3297,#3298);
#3033=AXIS2_PLACEMENT_3D('',#4235,#3299,#3300);
#3034=AXIS2_PLACEMENT_3D('',#4236,#3301,#3302);
#3035=AXIS2_PLACEMENT_3D('',#4246,#3307,#3308);
#3036=AXIS2_PLACEMENT_3D('',#4247,#3309,#3310);
#3037=AXIS2_PLACEMENT_3D('',#4248,#3311,#3312);
#3038=AXIS2_PLACEMENT_3D('',#4249,#3313,#3314);
#3039=AXIS2_PLACEMENT_3D('',#4258,#3319,#3320);
#3040=AXIS2_PLACEMENT_3D('',#4267,#3325,#3326);
#3041=AXIS2_PLACEMENT_3D('',#4273,#3330,#3331);
#3042=AXIS2_PLACEMENT_3D('',#4279,#3335,#3336);
#3043=AXIS2_PLACEMENT_3D('',#4285,#3340,#3341);
#3044=AXIS2_PLACEMENT_3D('',#4288,#3344,#3345);
#3045=AXIS2_PLACEMENT_3D('',#4294,#3349,#3350);
#3046=AXIS2_PLACEMENT_3D('',#4297,#3353,#3354);
#3047=AXIS2_PLACEMENT_3D('',#4306,#3359,#3360);
#3048=AXIS2_PLACEMENT_3D('',#4315,#3365,#3366);
#3049=AXIS2_PLACEMENT_3D('',#4321,#3370,#3371);
#3050=AXIS2_PLACEMENT_3D('',#4327,#3375,#3376);
#3051=AXIS2_PLACEMENT_3D('',#4333,#3380,#3381);
#3052=AXIS2_PLACEMENT_3D('',#4336,#3384,#3385);
#3053=AXIS2_PLACEMENT_3D('',#4342,#3389,#3390);
#3054=AXIS2_PLACEMENT_3D('',#4345,#3393,#3394);
#3055=AXIS2_PLACEMENT_3D('',#4354,#3399,#3400);
#3056=AXIS2_PLACEMENT_3D('',#4363,#3405,#3406);
#3057=AXIS2_PLACEMENT_3D('',#4369,#3410,#3411);
#3058=AXIS2_PLACEMENT_3D('',#4375,#3415,#3416);
#3059=AXIS2_PLACEMENT_3D('',#4381,#3420,#3421);
#3060=AXIS2_PLACEMENT_3D('',#4384,#3424,#3425);
#3061=AXIS2_PLACEMENT_3D('',#4390,#3429,#3430);
#3062=AXIS2_PLACEMENT_3D('',#4393,#3433,#3434);
#3063=AXIS2_PLACEMENT_3D('',#4402,#3439,#3440);
#3064=AXIS2_PLACEMENT_3D('',#4411,#3445,#3446);
#3065=AXIS2_PLACEMENT_3D('',#4417,#3450,#3451);
#3066=AXIS2_PLACEMENT_3D('',#4423,#3455,#3456);
#3067=AXIS2_PLACEMENT_3D('',#4429,#3460,#3461);
#3068=AXIS2_PLACEMENT_3D('',#4432,#3464,#3465);
#3069=AXIS2_PLACEMENT_3D('',#4438,#3469,#3470);
#3070=AXIS2_PLACEMENT_3D('',#4441,#3473,#3474);
#3071=AXIS2_PLACEMENT_3D('',#4450,#3479,#3480);
#3072=AXIS2_PLACEMENT_3D('',#4459,#3485,#3486);
#3073=AXIS2_PLACEMENT_3D('',#4465,#3490,#3491);
#3074=AXIS2_PLACEMENT_3D('',#4471,#3495,#3496);
#3075=AXIS2_PLACEMENT_3D('',#4477,#3500,#3501);
#3076=AXIS2_PLACEMENT_3D('',#4480,#3504,#3505);
#3077=AXIS2_PLACEMENT_3D('',#4486,#3509,#3510);
#3078=AXIS2_PLACEMENT_3D('',#4489,#3513,#3514);
#3079=AXIS2_PLACEMENT_3D('',#4498,#3519,#3520);
#3080=AXIS2_PLACEMENT_3D('',#4507,#3525,#3526);
#3081=AXIS2_PLACEMENT_3D('',#4513,#3530,#3531);
#3082=AXIS2_PLACEMENT_3D('',#4519,#3535,#3536);
#3083=AXIS2_PLACEMENT_3D('',#4525,#3540,#3541);
#3084=AXIS2_PLACEMENT_3D('',#4528,#3544,#3545);
#3085=AXIS2_PLACEMENT_3D('',#4534,#3549,#3550);
#3086=AXIS2_PLACEMENT_3D('',#4537,#3553,#3554);
#3087=AXIS2_PLACEMENT_3D('',#4546,#3559,#3560);
#3088=AXIS2_PLACEMENT_3D('',#4555,#3565,#3566);
#3089=AXIS2_PLACEMENT_3D('',#4561,#3570,#3571);
#3090=AXIS2_PLACEMENT_3D('',#4567,#3575,#3576);
#3091=AXIS2_PLACEMENT_3D('',#4573,#3580,#3581);
#3092=AXIS2_PLACEMENT_3D('',#4576,#3584,#3585);
#3093=AXIS2_PLACEMENT_3D('',#4582,#3589,#3590);
#3094=AXIS2_PLACEMENT_3D('',#4585,#3593,#3594);
#3095=AXIS2_PLACEMENT_3D('',#4594,#3599,#3600);
#3096=AXIS2_PLACEMENT_3D('',#4603,#3605,#3606);
#3097=AXIS2_PLACEMENT_3D('',#4609,#3610,#3611);
#3098=AXIS2_PLACEMENT_3D('',#4615,#3615,#3616);
#3099=AXIS2_PLACEMENT_3D('',#4621,#3620,#3621);
#3100=AXIS2_PLACEMENT_3D('',#4624,#3624,#3625);
#3101=AXIS2_PLACEMENT_3D('',#4630,#3629,#3630);
#3102=AXIS2_PLACEMENT_3D('',#4633,#3633,#3634);
#3103=AXIS2_PLACEMENT_3D('',#4642,#3639,#3640);
#3104=AXIS2_PLACEMENT_3D('',#4651,#3645,#3646);
#3105=AXIS2_PLACEMENT_3D('',#4657,#3650,#3651);
#3106=AXIS2_PLACEMENT_3D('',#4663,#3655,#3656);
#3107=AXIS2_PLACEMENT_3D('',#4669,#3660,#3661);
#3108=AXIS2_PLACEMENT_3D('',#4672,#3664,#3665);
#3109=AXIS2_PLACEMENT_3D('',#4678,#3669,#3670);
#3110=AXIS2_PLACEMENT_3D('',#4681,#3673,#3674);
#3111=AXIS2_PLACEMENT_3D('',#4684,#3677,#3678);
#3112=AXIS2_PLACEMENT_3D('',#4686,#3680,#3681);
#3113=AXIS2_PLACEMENT_3D('',#4688,#3683,#3684);
#3114=AXIS2_PLACEMENT_3D('',#4689,#3685,#3686);
#3115=AXIS2_PLACEMENT_3D('',#4698,#3691,#3692);
#3116=AXIS2_PLACEMENT_3D('',#4720,#3696,#3697);
#3117=AXIS2_PLACEMENT_3D('',#4748,#3712,#3713);
#3118=AXIS2_PLACEMENT_3D('',#4754,#3717,#3718);
#3119=AXIS2_PLACEMENT_3D('',#4774,#3721,#3722);
#3120=AXIS2_PLACEMENT_3D('',#4780,#3726,#3727);
#3121=AXIS2_PLACEMENT_3D('',#4800,#3730,#3731);
#3122=AXIS2_PLACEMENT_3D('',#4806,#3735,#3736);
#3123=AXIS2_PLACEMENT_3D('',#4813,#3740,#3741);
#3124=AXIS2_PLACEMENT_3D('',#4815,#3742,#3743);
#3125=AXIS2_PLACEMENT_3D('',#4816,#3744,#3745);
#3126=AXIS2_PLACEMENT_3D('',#4867,#3749,#3750);
#3127=AXIS2_PLACEMENT_3D('',#4872,#3753,#3754);
#3128=AXIS2_PLACEMENT_3D('',#4874,#3755,#3756);
#3129=AXIS2_PLACEMENT_3D('',#4875,#3757,#3758);
#3130=AXIS2_PLACEMENT_3D('',#4890,#3768,#3769);
#3131=AXIS2_PLACEMENT_3D('',#4896,#3773,#3774);
#3132=AXIS2_PLACEMENT_3D('',#4902,#3778,#3779);
#3133=AXIS2_PLACEMENT_3D('',#4949,#3781,#3782);
#3134=AXIS2_PLACEMENT_3D('',#4950,#3783,#3784);
#3135=AXIS2_PLACEMENT_3D('',#4996,#3785,#3786);
#3136=AXIS2_PLACEMENT_3D('',#4997,#3787,#3788);
#3137=AXIS2_PLACEMENT_3D('',#5000,#3789,#3790);
#3138=AXIS2_PLACEMENT_3D('',#5002,#3791,#3792);
#3139=AXIS2_PLACEMENT_3D('',#5003,#3793,#3794);
#3140=AXIS2_PLACEMENT_3D('',#5004,#3795,#3796);
#3141=AXIS2_PLACEMENT_3D('',#5005,#3797,#3798);
#3142=AXIS2_PLACEMENT_3D('',#5015,#3803,#3804);
#3143=AXIS2_PLACEMENT_3D('',#5017,#3805,#3806);
#3144=AXIS2_PLACEMENT_3D('',#5019,#3807,#3808);
#3145=AXIS2_PLACEMENT_3D('',#5020,#3809,#3810);
#3146=AXIS2_PLACEMENT_3D('',#5022,#3811,#3812);
#3147=AXIS2_PLACEMENT_3D('',#5024,#3814,#3815);
#3148=AXIS2_PLACEMENT_3D('',#5027,#3816,#3817);
#3149=AXIS2_PLACEMENT_3D('',#5028,#3818,#3819);
#3150=AXIS2_PLACEMENT_3D('',#5029,#3820,#3821);
#3151=AXIS2_PLACEMENT_3D('',#5030,#3822,#3823);
#3152=AXIS2_PLACEMENT_3D('',#5032,#3824,#3825);
#3153=AXIS2_PLACEMENT_3D('',#5034,#3827,#3828);
#3154=AXIS2_PLACEMENT_3D('',#5037,#3829,#3830);
#3155=AXIS2_PLACEMENT_3D('',#5038,#3831,#3832);
#3156=AXIS2_PLACEMENT_3D('',#5039,#3833,#3834);
#3157=AXIS2_PLACEMENT_3D('',#5040,#3835,#3836);
#3158=AXIS2_PLACEMENT_3D('',#5042,#3837,#3838);
#3159=AXIS2_PLACEMENT_3D('',#5044,#3840,#3841);
#3160=AXIS2_PLACEMENT_3D('',#5047,#3842,#3843);
#3161=AXIS2_PLACEMENT_3D('',#5048,#3844,#3845);
#3162=AXIS2_PLACEMENT_3D('',#5049,#3846,#3847);
#3163=AXIS2_PLACEMENT_3D('',#5050,#3848,#3849);
#3164=AXIS2_PLACEMENT_3D('',#5052,#3850,#3851);
#3165=AXIS2_PLACEMENT_3D('',#5054,#3853,#3854);
#3166=AXIS2_PLACEMENT_3D('',#5056,#3855,#3856);
#3167=AXIS2_PLACEMENT_3D('',#5057,#3857,#3858);
#3168=AXIS2_PLACEMENT_3D('',#5058,#3859,#3860);
#3169=AXIS2_PLACEMENT_3D('',#5060,#3861,#3862);
#3170=AXIS2_PLACEMENT_3D('',#5062,#3864,#3865);
#3171=AXIS2_PLACEMENT_3D('',#5064,#3866,#3867);
#3172=AXIS2_PLACEMENT_3D('',#5065,#3868,#3869);
#3173=AXIS2_PLACEMENT_3D('',#5066,#3870,#3871);
#3174=AXIS2_PLACEMENT_3D('',#5068,#3872,#3873);
#3175=AXIS2_PLACEMENT_3D('',#5070,#3875,#3876);
#3176=AXIS2_PLACEMENT_3D('',#5072,#3877,#3878);
#3177=AXIS2_PLACEMENT_3D('',#5073,#3879,#3880);
#3178=AXIS2_PLACEMENT_3D('',#5074,#3881,#3882);
#3179=AXIS2_PLACEMENT_3D('',#5076,#3883,#3884);
#3180=AXIS2_PLACEMENT_3D('',#5078,#3886,#3887);
#3181=AXIS2_PLACEMENT_3D('',#5080,#3888,#3889);
#3182=AXIS2_PLACEMENT_3D('',#5081,#3890,#3891);
#3183=AXIS2_PLACEMENT_3D('',#5082,#3892,#3893);
#3184=AXIS2_PLACEMENT_3D('',#5084,#3894,#3895);
#3185=AXIS2_PLACEMENT_3D('',#5086,#3897,#3898);
#3186=AXIS2_PLACEMENT_3D('',#5088,#3899,#3900);
#3187=AXIS2_PLACEMENT_3D('',#5091,#3902,#3903);
#3188=AXIS2_PLACEMENT_3D('',#5092,#3904,#3905);
#3189=AXIS2_PLACEMENT_3D('',#5095,#3907,#3908);
#3190=AXIS2_PLACEMENT_3D('',#5096,#3909,#3910);
#3191=AXIS2_PLACEMENT_3D('',#5097,#3911,#3912);
#3192=AXIS2_PLACEMENT_3D('',#5099,#3913,#3914);
#3193=AXIS2_PLACEMENT_3D('',#5102,#3916,#3917);
#3194=AXIS2_PLACEMENT_3D('',#5103,#3918,#3919);
#3195=AXIS2_PLACEMENT_3D('',#5106,#3921,#3922);
#3196=AXIS2_PLACEMENT_3D('',#5107,#3923,#3924);
#3197=AXIS2_PLACEMENT_3D('',#5108,#3925,#3926);
#3198=AXIS2_PLACEMENT_3D('',#5110,#3927,#3928);
#3199=AXIS2_PLACEMENT_3D('',#5113,#3930,#3931);
#3200=AXIS2_PLACEMENT_3D('',#5114,#3932,#3933);
#3201=AXIS2_PLACEMENT_3D('',#5117,#3935,#3936);
#3202=AXIS2_PLACEMENT_3D('',#5118,#3937,#3938);
#3203=AXIS2_PLACEMENT_3D('',#5119,#3939,#3940);
#3204=AXIS2_PLACEMENT_3D('',#5121,#3941,#3942);
#3205=AXIS2_PLACEMENT_3D('',#5124,#3944,#3945);
#3206=AXIS2_PLACEMENT_3D('',#5125,#3946,#3947);
#3207=AXIS2_PLACEMENT_3D('',#5128,#3949,#3950);
#3208=AXIS2_PLACEMENT_3D('',#5129,#3951,#3952);
#3209=AXIS2_PLACEMENT_3D('',#5130,#3953,#3954);
#3210=AXIS2_PLACEMENT_3D('',#5132,#3955,#3956);
#3211=AXIS2_PLACEMENT_3D('',#5135,#3958,#3959);
#3212=AXIS2_PLACEMENT_3D('',#5136,#3960,#3961);
#3213=AXIS2_PLACEMENT_3D('',#5139,#3963,#3964);
#3214=AXIS2_PLACEMENT_3D('',#5140,#3965,#3966);
#3215=AXIS2_PLACEMENT_3D('',#5141,#3967,#3968);
#3216=AXIS2_PLACEMENT_3D('',#5143,#3969,#3970);
#3217=AXIS2_PLACEMENT_3D('',#5146,#3972,#3973);
#3218=AXIS2_PLACEMENT_3D('',#5147,#3974,#3975);
#3219=AXIS2_PLACEMENT_3D('',#5150,#3977,#3978);
#3220=AXIS2_PLACEMENT_3D('',#5151,#3979,#3980);
#3221=AXIS2_PLACEMENT_3D('',#5152,#3981,#3982);
#3222=AXIS2_PLACEMENT_3D('',#5154,#3983,#3984);
#3223=AXIS2_PLACEMENT_3D('',#5157,#3986,#3987);
#3224=AXIS2_PLACEMENT_3D('',#5158,#3988,#3989);
#3225=AXIS2_PLACEMENT_3D('',#5161,#3991,#3992);
#3226=AXIS2_PLACEMENT_3D('',#5162,#3993,#3994);
#3227=AXIS2_PLACEMENT_3D('',#5163,#3995,#3996);
#3228=AXIS2_PLACEMENT_3D('',#5165,#3997,#3998);
#3229=AXIS2_PLACEMENT_3D('',#5168,#4000,#4001);
#3230=AXIS2_PLACEMENT_3D('',#5169,#4002,#4003);
#3231=AXIS2_PLACEMENT_3D('',#5172,#4005,#4006);
#3232=AXIS2_PLACEMENT_3D('',#5173,#4007,#4008);
#3233=AXIS2_PLACEMENT_3D('',#5174,#4009,#4010);
#3234=AXIS2_PLACEMENT_3D('',#5175,#4011,#4012);
#3235=AXIS2_PLACEMENT_3D('',#5176,#4013,#4014);
#3236=AXIS2_PLACEMENT_3D('',#5177,#4015,#4016);
#3237=AXIS2_PLACEMENT_3D('',#5178,#4017,#4018);
#3238=AXIS2_PLACEMENT_3D('',#5179,#4019,#4020);
#3239=AXIS2_PLACEMENT_3D('',#5180,#4021,#4022);
#3240=AXIS2_PLACEMENT_3D('',#5181,#4023,#4024);
#3241=AXIS2_PLACEMENT_3D('',#5182,#4025,#4026);
#3242=AXIS2_PLACEMENT_3D('',#5185,#4029,#4030);
#3243=AXIS2_PLACEMENT_3D('',#5187,#4032,#4033);
#3244=AXIS2_PLACEMENT_3D('',#5189,#4035,#4036);
#3245=AXIS2_PLACEMENT_3D('',#5190,#4037,#4038);
#3246=AXIS2_PLACEMENT_3D('',#5192,#4039,#4040);
#3247=AXIS2_PLACEMENT_3D('',#5195,#4042,#4043);
#3248=AXIS2_PLACEMENT_3D('',#5196,#4044,#4045);
#3249=AXIS2_PLACEMENT_3D('',#5197,#4046,#4047);
#3250=DIRECTION('axis',(0.,0.,1.));
#3251=DIRECTION('refdir',(1.,0.,0.));
#3252=DIRECTION('center_axis',(-9.54848875704163E-16,0.,1.));
#3253=DIRECTION('ref_axis',(1.,0.,9.54848875704163E-16));
#3254=DIRECTION('center_axis',(-0.17364817766693,0.,-0.984807753012208));
#3255=DIRECTION('ref_axis',(0.984807753012208,0.,-0.17364817766693));
#3256=DIRECTION('',(9.54848875704163E-16,0.,-1.));
#3257=DIRECTION('center_axis',(-1.12967380488767E-15,0.,1.));
#3258=DIRECTION('ref_axis',(1.,0.,9.54848875704163E-16));
#3259=DIRECTION('center_axis',(1.12967380488767E-15,0.,-1.));
#3260=DIRECTION('ref_axis',(-1.,0.,-1.12967380488767E-15));
#3261=DIRECTION('center_axis',(0.17364817766693,0.,0.984807753012208));
#3262=DIRECTION('ref_axis',(0.984807753012208,0.,-0.17364817766693));
#3263=DIRECTION('center_axis',(0.,1.,0.));
#3264=DIRECTION('ref_axis',(0.17364817766693,0.,0.984807753012208));
#3265=DIRECTION('center_axis',(0.302517003022182,-5.37378147353319E-16,
0.953143988536085));
#3266=DIRECTION('ref_axis',(0.953143988536085,0.,-0.302517003022182));
#3267=DIRECTION('center_axis',(-0.17364817766693,0.,-0.984807753012208));
#3268=DIRECTION('ref_axis',(0.984807753012208,0.,-0.17364817766693));
#3269=DIRECTION('center_axis',(0.17364817766693,0.,0.984807753012208));
#3270=DIRECTION('ref_axis',(0.984807753012208,0.,-0.17364817766693));
#3271=DIRECTION('',(0.984807753012208,0.,-0.17364817766693));
#3272=DIRECTION('',(0.,-1.,0.));
#3273=DIRECTION('',(-0.984807753012208,0.,0.17364817766693));
#3274=DIRECTION('',(0.,1.,0.));
#3275=DIRECTION('center_axis',(-0.17364817766693,0.,-0.984807753012208));
#3276=DIRECTION('ref_axis',(0.984807753012208,0.,-0.17364817766693));
#3277=DIRECTION('center_axis',(-9.54848875704163E-16,0.,1.));
#3278=DIRECTION('ref_axis',(1.,0.,9.54848875704163E-16));
#3279=DIRECTION('',(9.54848875704163E-16,0.,-1.));
#3280=DIRECTION('center_axis',(1.12967380488767E-15,0.,-1.));
#3281=DIRECTION('ref_axis',(1.,0.,1.11022302462516E-15));
#3282=DIRECTION('center_axis',(1.12967380488767E-15,0.,-1.));
#3283=DIRECTION('ref_axis',(1.,0.,1.11022302462516E-15));
#3284=DIRECTION('center_axis',(0.,1.,0.));
#3285=DIRECTION('ref_axis',(0.17364817766693,0.,0.984807753012208));
#3286=DIRECTION('center_axis',(0.302517003022182,-5.37378147353319E-16,
0.953143988536085));
#3287=DIRECTION('ref_axis',(0.953143988536085,0.,-0.302517003022182));
#3288=DIRECTION('center_axis',(-9.54848875704163E-16,0.,1.));
#3289=DIRECTION('ref_axis',(1.,0.,9.54848875704163E-16));
#3290=DIRECTION('',(9.54848875704163E-16,0.,-1.));
#3291=DIRECTION('center_axis',(1.12967380488767E-15,0.,-1.));
#3292=DIRECTION('ref_axis',(1.,0.,1.11022302462516E-15));
#3293=DIRECTION('center_axis',(1.12967380488767E-15,0.,-1.));
#3294=DIRECTION('ref_axis',(1.,0.,1.11022302462516E-15));
#3295=DIRECTION('center_axis',(1.12967380488767E-15,0.,-1.));
#3296=DIRECTION('ref_axis',(-1.,0.,-1.12730337885016E-15));
#3297=DIRECTION('center_axis',(0.,-1.,0.));
#3298=DIRECTION('ref_axis',(1.,0.,1.11022302462516E-15));
#3299=DIRECTION('center_axis',(-1.12967380488767E-15,0.,1.));
#3300=DIRECTION('ref_axis',(1.,0.,1.12967380488767E-15));
#3301=DIRECTION('center_axis',(1.12967380488767E-15,0.,-1.));
#3302=DIRECTION('ref_axis',(-1.,0.,-1.12967380488767E-15));
#3303=DIRECTION('',(0.,1.,0.));
#3304=DIRECTION('',(1.,0.,1.12967380488767E-15));
#3305=DIRECTION('',(0.,1.,0.));
#3306=DIRECTION('',(1.,0.,1.12967380488767E-15));
#3307=DIRECTION('center_axis',(-1.12967380488767E-15,0.,1.));
#3308=DIRECTION('ref_axis',(1.,0.,1.12967380488767E-15));
#3309=DIRECTION('center_axis',(1.12967380488767E-15,0.,-1.));
#3310=DIRECTION('ref_axis',(-1.,0.,-1.12730337885016E-15));
#3311=DIRECTION('center_axis',(0.,-1.,0.));
#3312=DIRECTION('ref_axis',(1.,0.,1.11022302462516E-15));
#3313=DIRECTION('center_axis',(-1.,0.,0.));
#3314=DIRECTION('ref_axis',(0.,0.,1.));
#3315=DIRECTION('',(0.,0.,1.));
#3316=DIRECTION('',(0.,1.,0.));
#3317=DIRECTION('',(0.,0.,-1.));
#3318=DIRECTION('',(0.,1.,0.));
#3319=DIRECTION('center_axis',(-1.,0.,0.));
#3320=DIRECTION('ref_axis',(0.,0.,1.));
#3321=DIRECTION('',(0.,0.,-1.));
#3322=DIRECTION('',(0.,1.,0.));
#3323=DIRECTION('',(0.,0.,1.));
#3324=DIRECTION('',(0.,1.,0.));
#3325=DIRECTION('center_axis',(0.,0.,1.));
#3326=DIRECTION('ref_axis',(1.,0.,0.));
#3327=DIRECTION('',(1.,0.,0.));
#3328=DIRECTION('',(-1.,0.,0.));
#3329=DIRECTION('',(0.,1.,0.));
#3330=DIRECTION('center_axis',(0.,0.,-1.));
#3331=DIRECTION('ref_axis',(-1.,0.,0.));
#3332=DIRECTION('',(-1.,0.,0.));
#3333=DIRECTION('',(0.,1.,0.));
#3334=DIRECTION('',(1.,0.,0.));
#3335=DIRECTION('center_axis',(0.,0.,-1.));
#3336=DIRECTION('ref_axis',(-1.,0.,0.));
#3337=DIRECTION('',(1.,0.,0.));
#3338=DIRECTION('',(-1.,0.,0.));
#3339=DIRECTION('',(0.,1.,0.));
#3340=DIRECTION('center_axis',(1.,0.,2.96059473233375E-16));
#3341=DIRECTION('ref_axis',(2.96059473233375E-16,0.,-1.));
#3342=DIRECTION('',(2.96059473233375E-16,0.,-1.));
#3343=DIRECTION('',(-2.96059473233375E-16,0.,1.));
#3344=DIRECTION('center_axis',(1.,0.,2.96059473233375E-16));
#3345=DIRECTION('ref_axis',(2.96059473233375E-16,0.,-1.));
#3346=DIRECTION('',(-2.96059473233375E-16,0.,1.));
#3347=DIRECTION('',(2.96059473233375E-16,0.,-1.));
#3348=DIRECTION('',(0.,1.,0.));
#3349=DIRECTION('center_axis',(0.,0.,1.));
#3350=DIRECTION('ref_axis',(1.,0.,0.));
#3351=DIRECTION('',(-1.,0.,0.));
#3352=DIRECTION('',(1.,0.,0.));
#3353=DIRECTION('center_axis',(-1.,0.,0.));
#3354=DIRECTION('ref_axis',(0.,0.,1.));
#3355=DIRECTION('',(0.,0.,1.));
#3356=DIRECTION('',(0.,1.,0.));
#3357=DIRECTION('',(0.,0.,-1.));
#3358=DIRECTION('',(0.,1.,0.));
#3359=DIRECTION('center_axis',(-1.,0.,0.));
#3360=DIRECTION('ref_axis',(0.,0.,1.));
#3361=DIRECTION('',(0.,0.,-1.));
#3362=DIRECTION('',(0.,1.,0.));
#3363=DIRECTION('',(0.,0.,1.));
#3364=DIRECTION('',(0.,1.,0.));
#3365=DIRECTION('center_axis',(0.,0.,1.));
#3366=DIRECTION('ref_axis',(1.,0.,0.));
#3367=DIRECTION('',(1.,0.,0.));
#3368=DIRECTION('',(-1.,0.,0.));
#3369=DIRECTION('',(0.,1.,0.));
#3370=DIRECTION('center_axis',(0.,0.,-1.));
#3371=DIRECTION('ref_axis',(-1.,0.,0.));
#3372=DIRECTION('',(-1.,0.,0.));
#3373=DIRECTION('',(0.,1.,0.));
#3374=DIRECTION('',(1.,0.,0.));
#3375=DIRECTION('center_axis',(0.,0.,-1.));
#3376=DIRECTION('ref_axis',(-1.,0.,0.));
#3377=DIRECTION('',(1.,0.,0.));
#3378=DIRECTION('',(-1.,0.,0.));
#3379=DIRECTION('',(0.,1.,0.));
#3380=DIRECTION('center_axis',(1.,0.,2.96059473233375E-16));
#3381=DIRECTION('ref_axis',(2.96059473233375E-16,0.,-1.));
#3382=DIRECTION('',(2.96059473233375E-16,0.,-1.));
#3383=DIRECTION('',(-2.96059473233375E-16,0.,1.));
#3384=DIRECTION('center_axis',(1.,0.,2.96059473233375E-16));
#3385=DIRECTION('ref_axis',(2.96059473233375E-16,0.,-1.));
#3386=DIRECTION('',(-2.96059473233375E-16,0.,1.));
#3387=DIRECTION('',(2.96059473233375E-16,0.,-1.));
#3388=DIRECTION('',(0.,1.,0.));
#3389=DIRECTION('center_axis',(0.,0.,1.));
#3390=DIRECTION('ref_axis',(1.,0.,0.));
#3391=DIRECTION('',(-1.,0.,0.));
#3392=DIRECTION('',(1.,0.,0.));
#3393=DIRECTION('center_axis',(-1.,0.,0.));
#3394=DIRECTION('ref_axis',(0.,0.,1.));
#3395=DIRECTION('',(0.,0.,1.));
#3396=DIRECTION('',(0.,1.,0.));
#3397=DIRECTION('',(0.,0.,-1.));
#3398=DIRECTION('',(0.,1.,0.));
#3399=DIRECTION('center_axis',(-1.,0.,0.));
#3400=DIRECTION('ref_axis',(0.,0.,1.));
#3401=DIRECTION('',(0.,0.,-1.));
#3402=DIRECTION('',(0.,1.,0.));
#3403=DIRECTION('',(0.,0.,1.));
#3404=DIRECTION('',(0.,1.,0.));
#3405=DIRECTION('center_axis',(0.,0.,1.));
#3406=DIRECTION('ref_axis',(1.,0.,0.));
#3407=DIRECTION('',(1.,0.,0.));
#3408=DIRECTION('',(-1.,0.,0.));
#3409=DIRECTION('',(0.,1.,0.));
#3410=DIRECTION('center_axis',(0.,0.,-1.));
#3411=DIRECTION('ref_axis',(-1.,0.,0.));
#3412=DIRECTION('',(-1.,0.,0.));
#3413=DIRECTION('',(0.,1.,0.));
#3414=DIRECTION('',(1.,0.,0.));
#3415=DIRECTION('center_axis',(0.,0.,-1.));
#3416=DIRECTION('ref_axis',(-1.,0.,0.));
#3417=DIRECTION('',(1.,0.,0.));
#3418=DIRECTION('',(-1.,0.,0.));
#3419=DIRECTION('',(0.,1.,0.));
#3420=DIRECTION('center_axis',(1.,0.,2.96059473233375E-16));
#3421=DIRECTION('ref_axis',(2.96059473233375E-16,0.,-1.));
#3422=DIRECTION('',(2.96059473233375E-16,0.,-1.));
#3423=DIRECTION('',(-2.96059473233375E-16,0.,1.));
#3424=DIRECTION('center_axis',(1.,0.,2.96059473233375E-16));
#3425=DIRECTION('ref_axis',(2.96059473233375E-16,0.,-1.));
#3426=DIRECTION('',(-2.96059473233375E-16,0.,1.));
#3427=DIRECTION('',(2.96059473233375E-16,0.,-1.));
#3428=DIRECTION('',(0.,1.,0.));
#3429=DIRECTION('center_axis',(0.,0.,1.));
#3430=DIRECTION('ref_axis',(1.,0.,0.));
#3431=DIRECTION('',(-1.,0.,0.));
#3432=DIRECTION('',(1.,0.,0.));
#3433=DIRECTION('center_axis',(0.,1.,0.));
#3434=DIRECTION('ref_axis',(-2.67807136034785E-16,0.,1.));
#3435=DIRECTION('',(0.,0.,1.));
#3436=DIRECTION('',(1.,0.,2.71387850463927E-16));
#3437=DIRECTION('',(0.,0.,-1.));
#3438=DIRECTION('',(1.,0.,2.71387850463927E-16));
#3439=DIRECTION('center_axis',(0.,1.,0.));
#3440=DIRECTION('ref_axis',(-2.67807136034785E-16,0.,1.));
#3441=DIRECTION('',(2.67107859701342E-16,0.,-1.));
#3442=DIRECTION('',(1.,0.,2.71387850463927E-16));
#3443=DIRECTION('',(-2.67107859701342E-16,0.,1.));
#3444=DIRECTION('',(1.,0.,2.71387850463927E-16));
#3445=DIRECTION('center_axis',(-2.71387850463927E-16,-5.55111512312578E-17,
1.));
#3446=DIRECTION('ref_axis',(1.4866282429237E-32,-1.,-5.55111512312578E-17));
#3447=DIRECTION('',(0.,-1.,-5.55111512312578E-17));
#3448=DIRECTION('',(0.,1.,5.55111512312578E-17));
#3449=DIRECTION('',(1.,0.,2.71387850463927E-16));
#3450=DIRECTION('center_axis',(2.71387850463927E-16,0.,-1.));
#3451=DIRECTION('ref_axis',(0.,1.,0.));
#3452=DIRECTION('',(0.,1.,0.));
#3453=DIRECTION('',(1.,0.,2.71387850463927E-16));
#3454=DIRECTION('',(0.,-1.,0.));
#3455=DIRECTION('center_axis',(2.71387850463927E-16,0.,-1.));
#3456=DIRECTION('ref_axis',(0.,1.,0.));
#3457=DIRECTION('',(0.,-1.,0.));
#3458=DIRECTION('',(0.,1.,0.));
#3459=DIRECTION('',(1.,0.,2.71387850463927E-16));
#3460=DIRECTION('center_axis',(0.,-1.,0.));
#3461=DIRECTION('ref_axis',(2.67807136034785E-16,0.,-1.));
#3462=DIRECTION('',(0.,0.,-1.));
#3463=DIRECTION('',(0.,0.,1.));
#3464=DIRECTION('center_axis',(0.,-1.,0.));
#3465=DIRECTION('ref_axis',(2.67807136034785E-16,0.,-1.));
#3466=DIRECTION('',(-2.67107859701342E-16,0.,1.));
#3467=DIRECTION('',(2.67107859701342E-16,0.,-1.));
#3468=DIRECTION('',(1.,0.,2.71387850463927E-16));
#3469=DIRECTION('center_axis',(-2.71387850463927E-16,-5.55111512312578E-17,
1.));
#3470=DIRECTION('ref_axis',(1.4866282429237E-32,-1.,-5.55111512312578E-17));
#3471=DIRECTION('',(-1.48274647949388E-32,1.,5.55111512312578E-17));
#3472=DIRECTION('',(1.48274647949388E-32,-1.,-5.55111512312578E-17));
#3473=DIRECTION('center_axis',(0.,1.,0.));
#3474=DIRECTION('ref_axis',(-2.67807136034785E-16,0.,1.));
#3475=DIRECTION('',(0.,0.,1.));
#3476=DIRECTION('',(1.,0.,2.71387850463927E-16));
#3477=DIRECTION('',(0.,0.,-1.));
#3478=DIRECTION('',(1.,0.,2.71387850463927E-16));
#3479=DIRECTION('center_axis',(0.,1.,0.));
#3480=DIRECTION('ref_axis',(-2.67807136034785E-16,0.,1.));
#3481=DIRECTION('',(2.67107859701342E-16,0.,-1.));
#3482=DIRECTION('',(1.,0.,2.71387850463927E-16));
#3483=DIRECTION('',(-2.67107859701342E-16,0.,1.));
#3484=DIRECTION('',(1.,0.,2.71387850463927E-16));
#3485=DIRECTION('center_axis',(-2.71387850463927E-16,5.55111512312578E-17,
1.));
#3486=DIRECTION('ref_axis',(-1.4866282429237E-32,-1.,5.55111512312578E-17));
#3487=DIRECTION('',(0.,-1.,5.55111512312578E-17));
#3488=DIRECTION('',(0.,1.,-5.55111512312578E-17));
#3489=DIRECTION('',(1.,0.,2.71387850463927E-16));
#3490=DIRECTION('center_axis',(2.71387850463927E-16,-1.66533453693773E-16,
-1.));
#3491=DIRECTION('ref_axis',(4.45988472877109E-32,1.,-1.66533453693773E-16));
#3492=DIRECTION('',(0.,1.,-1.66533453693773E-16));
#3493=DIRECTION('',(1.,0.,2.71387850463927E-16));
#3494=DIRECTION('',(0.,-1.,1.66533453693773E-16));
#3495=DIRECTION('center_axis',(2.71387850463927E-16,-1.66533453693773E-16,
-1.));
#3496=DIRECTION('ref_axis',(4.45988472877109E-32,1.,-1.66533453693773E-16));
#3497=DIRECTION('',(-4.44823943848163E-32,-1.,1.66533453693773E-16));
#3498=DIRECTION('',(4.44823943848163E-32,1.,-1.66533453693773E-16));
#3499=DIRECTION('',(1.,0.,2.71387850463927E-16));
#3500=DIRECTION('center_axis',(0.,-1.,0.));
#3501=DIRECTION('ref_axis',(2.67807136034785E-16,0.,-1.));
#3502=DIRECTION('',(0.,0.,-1.));
#3503=DIRECTION('',(0.,0.,1.));
#3504=DIRECTION('center_axis',(0.,-1.,0.));
#3505=DIRECTION('ref_axis',(2.67807136034785E-16,0.,-1.));
#3506=DIRECTION('',(-2.67107859701342E-16,0.,1.));
#3507=DIRECTION('',(2.67107859701342E-16,0.,-1.));
#3508=DIRECTION('',(1.,0.,2.71387850463927E-16));
#3509=DIRECTION('center_axis',(-2.71387850463927E-16,5.55111512312578E-17,
1.));
#3510=DIRECTION('ref_axis',(-1.4866282429237E-32,-1.,5.55111512312578E-17));
#3511=DIRECTION('',(1.48274647949388E-32,1.,-5.55111512312578E-17));
#3512=DIRECTION('',(-1.48274647949388E-32,-1.,5.55111512312578E-17));
#3513=DIRECTION('center_axis',(0.,1.,0.));
#3514=DIRECTION('ref_axis',(-2.67807136034785E-16,0.,1.));
#3515=DIRECTION('',(0.,0.,1.));
#3516=DIRECTION('',(1.,0.,2.71387850463927E-16));
#3517=DIRECTION('',(0.,0.,-1.));
#3518=DIRECTION('',(1.,0.,2.71387850463927E-16));
#3519=DIRECTION('center_axis',(0.,1.,0.));
#3520=DIRECTION('ref_axis',(-2.67807136034785E-16,0.,1.));
#3521=DIRECTION('',(2.67107859701342E-16,0.,-1.));
#3522=DIRECTION('',(1.,0.,2.71387850463927E-16));
#3523=DIRECTION('',(-2.67107859701342E-16,0.,1.));
#3524=DIRECTION('',(1.,0.,2.71387850463927E-16));
#3525=DIRECTION('center_axis',(-2.71387850463927E-16,-5.55111512312578E-17,
1.));
#3526=DIRECTION('ref_axis',(1.4866282429237E-32,-1.,-5.55111512312578E-17));
#3527=DIRECTION('',(0.,-1.,-5.55111512312578E-17));
#3528=DIRECTION('',(0.,1.,5.55111512312578E-17));
#3529=DIRECTION('',(1.,0.,2.71387850463927E-16));
#3530=DIRECTION('center_axis',(2.71387850463927E-16,0.,-1.));
#3531=DIRECTION('ref_axis',(0.,1.,0.));
#3532=DIRECTION('',(0.,1.,0.));
#3533=DIRECTION('',(1.,0.,2.71387850463927E-16));
#3534=DIRECTION('',(0.,-1.,0.));
#3535=DIRECTION('center_axis',(2.71387850463927E-16,0.,-1.));
#3536=DIRECTION('ref_axis',(0.,1.,0.));
#3537=DIRECTION('',(0.,-1.,0.));
#3538=DIRECTION('',(0.,1.,0.));
#3539=DIRECTION('',(1.,0.,2.71387850463927E-16));
#3540=DIRECTION('center_axis',(0.,-1.,0.));
#3541=DIRECTION('ref_axis',(2.67807136034785E-16,0.,-1.));
#3542=DIRECTION('',(0.,0.,-1.));
#3543=DIRECTION('',(0.,0.,1.));
#3544=DIRECTION('center_axis',(0.,-1.,0.));
#3545=DIRECTION('ref_axis',(2.67807136034785E-16,0.,-1.));
#3546=DIRECTION('',(-2.67107859701342E-16,0.,1.));
#3547=DIRECTION('',(2.67107859701342E-16,0.,-1.));
#3548=DIRECTION('',(1.,0.,2.71387850463927E-16));
#3549=DIRECTION('center_axis',(-2.71387850463927E-16,-5.55111512312578E-17,
1.));
#3550=DIRECTION('ref_axis',(1.4866282429237E-32,-1.,-5.55111512312578E-17));
#3551=DIRECTION('',(-1.48274647949388E-32,1.,5.55111512312578E-17));
#3552=DIRECTION('',(1.48274647949388E-32,-1.,-5.55111512312578E-17));
#3553=DIRECTION('center_axis',(0.,1.,0.));
#3554=DIRECTION('ref_axis',(-2.67807136034785E-16,0.,1.));
#3555=DIRECTION('',(0.,0.,1.));
#3556=DIRECTION('',(1.,0.,2.71387850463927E-16));
#3557=DIRECTION('',(0.,0.,-1.));
#3558=DIRECTION('',(1.,0.,2.71387850463927E-16));
#3559=DIRECTION('center_axis',(0.,1.,0.));
#3560=DIRECTION('ref_axis',(-2.67807136034785E-16,0.,1.));
#3561=DIRECTION('',(2.67107859701342E-16,0.,-1.));
#3562=DIRECTION('',(1.,0.,2.71387850463927E-16));
#3563=DIRECTION('',(-2.67107859701342E-16,0.,1.));
#3564=DIRECTION('',(1.,0.,2.71387850463927E-16));
#3565=DIRECTION('center_axis',(-2.71387850463927E-16,5.55111512312578E-17,
1.));
#3566=DIRECTION('ref_axis',(-1.4866282429237E-32,-1.,5.55111512312578E-17));
#3567=DIRECTION('',(0.,-1.,5.55111512312578E-17));
#3568=DIRECTION('',(0.,1.,-5.55111512312578E-17));
#3569=DIRECTION('',(1.,0.,2.71387850463927E-16));
#3570=DIRECTION('center_axis',(2.71387850463927E-16,-1.66533453693773E-16,
-1.));
#3571=DIRECTION('ref_axis',(4.45988472877109E-32,1.,-1.66533453693773E-16));
#3572=DIRECTION('',(0.,1.,-1.66533453693773E-16));
#3573=DIRECTION('',(1.,0.,2.71387850463927E-16));
#3574=DIRECTION('',(0.,-1.,1.66533453693773E-16));
#3575=DIRECTION('center_axis',(2.71387850463927E-16,-1.66533453693773E-16,
-1.));
#3576=DIRECTION('ref_axis',(4.45988472877109E-32,1.,-1.66533453693773E-16));
#3577=DIRECTION('',(-4.44823943848163E-32,-1.,1.66533453693773E-16));
#3578=DIRECTION('',(4.44823943848163E-32,1.,-1.66533453693773E-16));
#3579=DIRECTION('',(1.,0.,2.71387850463927E-16));
#3580=DIRECTION('center_axis',(0.,-1.,0.));
#3581=DIRECTION('ref_axis',(2.67807136034785E-16,0.,-1.));
#3582=DIRECTION('',(0.,0.,-1.));
#3583=DIRECTION('',(0.,0.,1.));
#3584=DIRECTION('center_axis',(0.,-1.,0.));
#3585=DIRECTION('ref_axis',(2.67807136034785E-16,0.,-1.));
#3586=DIRECTION('',(-2.67107859701342E-16,0.,1.));
#3587=DIRECTION('',(2.67107859701342E-16,0.,-1.));
#3588=DIRECTION('',(1.,0.,2.71387850463927E-16));
#3589=DIRECTION('center_axis',(-2.71387850463927E-16,5.55111512312578E-17,
1.));
#3590=DIRECTION('ref_axis',(-1.4866282429237E-32,-1.,5.55111512312578E-17));
#3591=DIRECTION('',(1.48274647949388E-32,1.,-5.55111512312578E-17));
#3592=DIRECTION('',(-1.48274647949388E-32,-1.,5.55111512312578E-17));
#3593=DIRECTION('center_axis',(0.,1.,0.));
#3594=DIRECTION('ref_axis',(-2.67807136034785E-16,0.,1.));
#3595=DIRECTION('',(2.67107859701342E-16,0.,-1.));
#3596=DIRECTION('',(1.,0.,2.71387850463927E-16));
#3597=DIRECTION('',(-2.67107859701342E-16,0.,1.));
#3598=DIRECTION('',(1.,0.,2.71387850463927E-16));
#3599=DIRECTION('center_axis',(0.,1.,0.));
#3600=DIRECTION('ref_axis',(-2.67807136034785E-16,0.,1.));
#3601=DIRECTION('',(0.,0.,-1.));
#3602=DIRECTION('',(1.,0.,2.71387850463927E-16));
#3603=DIRECTION('',(0.,0.,1.));
#3604=DIRECTION('',(1.,0.,2.71387850463927E-16));
#3605=DIRECTION('center_axis',(2.71387850463927E-16,-1.66533453693773E-16,
-1.));
#3606=DIRECTION('ref_axis',(4.45988472877109E-32,1.,-1.66533453693773E-16));
#3607=DIRECTION('',(-4.44823943848163E-32,-1.,1.66533453693773E-16));
#3608=DIRECTION('',(4.44823943848163E-32,1.,-1.66533453693773E-16));
#3609=DIRECTION('',(1.,0.,2.71387850463927E-16));
#3610=DIRECTION('center_axis',(2.71387850463927E-16,-1.66533453693773E-16,
-1.));
#3611=DIRECTION('ref_axis',(4.45988472877109E-32,1.,-1.66533453693773E-16));
#3612=DIRECTION('',(0.,-1.,1.66533453693773E-16));
#3613=DIRECTION('',(0.,1.,-1.66533453693773E-16));
#3614=DIRECTION('',(1.,0.,2.71387850463927E-16));
#3615=DIRECTION('center_axis',(-2.71387850463927E-16,5.55111512312578E-17,
1.));
#3616=DIRECTION('ref_axis',(-1.4866282429237E-32,-1.,5.55111512312578E-17));
#3617=DIRECTION('',(1.48274647949388E-32,1.,-5.55111512312578E-17));
#3618=DIRECTION('',(1.,0.,2.71387850463927E-16));
#3619=DIRECTION('',(-1.48274647949388E-32,-1.,5.55111512312578E-17));
#3620=DIRECTION('center_axis',(0.,-1.,0.));
#3621=DIRECTION('ref_axis',(2.67807136034785E-16,0.,-1.));
#3622=DIRECTION('',(-2.67107859701342E-16,0.,1.));
#3623=DIRECTION('',(2.67107859701342E-16,0.,-1.));
#3624=DIRECTION('center_axis',(0.,-1.,0.));
#3625=DIRECTION('ref_axis',(2.67807136034785E-16,0.,-1.));
#3626=DIRECTION('',(0.,0.,1.));
#3627=DIRECTION('',(0.,0.,-1.));
#3628=DIRECTION('',(1.,0.,2.71387850463927E-16));
#3629=DIRECTION('center_axis',(-2.71387850463927E-16,5.55111512312578E-17,
1.));
#3630=DIRECTION('ref_axis',(-1.4866282429237E-32,-1.,5.55111512312578E-17));
#3631=DIRECTION('',(0.,1.,-5.55111512312578E-17));
#3632=DIRECTION('',(0.,-1.,5.55111512312578E-17));
#3633=DIRECTION('center_axis',(0.,1.,0.));
#3634=DIRECTION('ref_axis',(-2.67807136034785E-16,0.,1.));
#3635=DIRECTION('',(2.67107859701342E-16,0.,-1.));
#3636=DIRECTION('',(1.,0.,2.71387850463927E-16));
#3637=DIRECTION('',(-2.67107859701342E-16,0.,1.));
#3638=DIRECTION('',(1.,0.,2.71387850463927E-16));
#3639=DIRECTION('center_axis',(0.,1.,0.));
#3640=DIRECTION('ref_axis',(-2.67807136034785E-16,0.,1.));
#3641=DIRECTION('',(0.,0.,-1.));
#3642=DIRECTION('',(1.,0.,2.71387850463927E-16));
#3643=DIRECTION('',(0.,0.,1.));
#3644=DIRECTION('',(1.,0.,2.71387850463927E-16));
#3645=DIRECTION('center_axis',(2.71387850463927E-16,0.,-1.));
#3646=DIRECTION('ref_axis',(0.,1.,0.));
#3647=DIRECTION('',(0.,-1.,0.));
#3648=DIRECTION('',(0.,1.,0.));
#3649=DIRECTION('',(1.,0.,2.71387850463927E-16));
#3650=DIRECTION('center_axis',(2.71387850463927E-16,0.,-1.));
#3651=DIRECTION('ref_axis',(0.,1.,0.));
#3652=DIRECTION('',(0.,-1.,0.));
#3653=DIRECTION('',(0.,1.,0.));
#3654=DIRECTION('',(1.,0.,2.71387850463927E-16));
#3655=DIRECTION('center_axis',(-2.71387850463927E-16,-5.55111512312578E-17,
1.));
#3656=DIRECTION('ref_axis',(1.4866282429237E-32,-1.,-5.55111512312578E-17));
#3657=DIRECTION('',(-1.48274647949388E-32,1.,5.55111512312578E-17));
#3658=DIRECTION('',(1.,0.,2.71387850463927E-16));
#3659=DIRECTION('',(1.48274647949388E-32,-1.,-5.55111512312578E-17));
#3660=DIRECTION('center_axis',(0.,-1.,0.));
#3661=DIRECTION('ref_axis',(2.67807136034785E-16,0.,-1.));
#3662=DIRECTION('',(-2.67107859701342E-16,0.,1.));
#3663=DIRECTION('',(2.67107859701342E-16,0.,-1.));
#3664=DIRECTION('center_axis',(0.,-1.,0.));
#3665=DIRECTION('ref_axis',(2.67807136034785E-16,0.,-1.));
#3666=DIRECTION('',(0.,0.,1.));
#3667=DIRECTION('',(0.,0.,-1.));
#3668=DIRECTION('',(1.,0.,2.71387850463927E-16));
#3669=DIRECTION('center_axis',(-2.71387850463927E-16,-5.55111512312578E-17,
1.));
#3670=DIRECTION('ref_axis',(1.4866282429237E-32,-1.,-5.55111512312578E-17));
#3671=DIRECTION('',(0.,1.,5.55111512312578E-17));
#3672=DIRECTION('',(0.,-1.,-5.55111512312578E-17));
#3673=DIRECTION('center_axis',(0.,-1.,0.));
#3674=DIRECTION('ref_axis',(0.,0.,-1.));
#3675=DIRECTION('',(2.67107859701342E-16,0.,-1.));
#3676=DIRECTION('',(0.,0.,1.));
#3677=DIRECTION('center_axis',(-1.,0.,-2.67107859701342E-16));
#3678=DIRECTION('ref_axis',(-2.67107859701342E-16,0.,1.));
#3679=DIRECTION('',(2.67107859701342E-16,0.,-1.));
#3680=DIRECTION('center_axis',(0.,1.,0.));
#3681=DIRECTION('ref_axis',(0.,0.,1.));
#3682=DIRECTION('',(0.,0.,1.));
#3683=DIRECTION('center_axis',(1.,0.,0.));
#3684=DIRECTION('ref_axis',(0.,0.,-1.));
#3685=DIRECTION('center_axis',(0.707106781186548,0.,0.707106781186547));
#3686=DIRECTION('ref_axis',(0.707106781186547,0.,-0.707106781186548));
#3687=DIRECTION('',(-0.707106781186547,-1.79795222301938E-18,0.707106781186548));
#3688=DIRECTION('',(0.,1.,0.));
#3689=DIRECTION('',(-0.707106781186547,0.,0.707106781186548));
#3690=DIRECTION('',(0.,-1.,0.));
#3691=DIRECTION('center_axis',(-2.65291792907369E-18,1.,-1.10229510780822E-19));
#3692=DIRECTION('ref_axis',(1.,2.65291792907369E-18,0.));
#3693=DIRECTION('',(0.,-1.10229510780822E-19,-1.));
#3694=DIRECTION('',(0.,0.,-1.));
#3695=DIRECTION('',(1.,2.65291792907369E-18,-2.44929359829471E-16));
#3696=DIRECTION('center_axis',(1.,0.,0.));
#3697=DIRECTION('ref_axis',(0.,0.,-1.));
#3698=DIRECTION('',(0.,0.,-1.));
#3699=DIRECTION('',(0.,1.,0.));
#3700=DIRECTION('',(0.,0.,1.));
#3701=DIRECTION('',(0.,-1.,0.));
#3702=DIRECTION('',(0.,1.10229510780822E-19,1.));
#3703=DIRECTION('',(0.,1.,0.));
#3704=DIRECTION('',(0.,-1.10229510780822E-19,-1.));
#3705=DIRECTION('',(0.,-1.,0.));
#3706=DIRECTION('',(0.,1.10229510780822E-19,1.));
#3707=DIRECTION('',(0.,1.,0.));
#3708=DIRECTION('',(0.,-1.10229510780822E-19,-1.));
#3709=DIRECTION('',(0.,-1.,0.));
#3710=DIRECTION('',(0.,1.10229510780822E-19,1.));
#3711=DIRECTION('',(0.,1.,0.));
#3712=DIRECTION('center_axis',(0.707106781186548,0.,0.707106781186547));
#3713=DIRECTION('ref_axis',(0.707106781186547,0.,-0.707106781186548));
#3714=DIRECTION('',(0.707106781186547,1.79795222301938E-18,-0.707106781186548));
#3715=DIRECTION('',(-0.707106781186547,-1.79795222301938E-18,0.707106781186548));
#3716=DIRECTION('',(0.,1.,0.));
#3717=DIRECTION('center_axis',(-2.65291792907369E-18,1.,-1.10229510780822E-19));
#3718=DIRECTION('ref_axis',(1.,2.65291792907369E-18,0.));
#3719=DIRECTION('',(0.,0.,-1.));
#3720=DIRECTION('',(1.,2.65291792907369E-18,-2.44929359829471E-16));
#3721=DIRECTION('center_axis',(0.707106781186548,0.,0.707106781186547));
#3722=DIRECTION('ref_axis',(0.707106781186547,0.,-0.707106781186548));
#3723=DIRECTION('',(0.707106781186547,1.79795222301938E-18,-0.707106781186548));
#3724=DIRECTION('',(-0.707106781186547,-1.79795222301938E-18,0.707106781186548));
#3725=DIRECTION('',(0.,1.,0.));
#3726=DIRECTION('center_axis',(-2.65291792907369E-18,1.,-1.10229510780822E-19));
#3727=DIRECTION('ref_axis',(1.,2.65291792907369E-18,0.));
#3728=DIRECTION('',(0.,0.,-1.));
#3729=DIRECTION('',(1.,2.65291792907369E-18,-2.44929359829471E-16));
#3730=DIRECTION('center_axis',(0.707106781186548,0.,0.707106781186547));
#3731=DIRECTION('ref_axis',(0.707106781186547,0.,-0.707106781186548));
#3732=DIRECTION('',(0.707106781186547,1.79795222301938E-18,-0.707106781186548));
#3733=DIRECTION('',(0.707106781186547,0.,-0.707106781186548));
#3734=DIRECTION('',(0.,1.,0.));
#3735=DIRECTION('center_axis',(2.44929359829471E-16,0.,1.));
#3736=DIRECTION('ref_axis',(1.,0.,-2.44929359829471E-16));
#3737=DIRECTION('',(-1.,0.,2.44929359829471E-16));
#3738=DIRECTION('',(0.,1.,0.));
#3739=DIRECTION('',(-1.,-2.65291792907369E-18,2.44929359829471E-16));
#3740=DIRECTION('center_axis',(2.44929359829471E-16,0.,1.));
#3741=DIRECTION('ref_axis',(-1.,0.,2.44929359829471E-16));
#3742=DIRECTION('center_axis',(2.44929359829471E-16,0.,1.));
#3743=DIRECTION('ref_axis',(-1.,0.,2.44929359829471E-16));
#3744=DIRECTION('center_axis',(-2.65291792907369E-18,1.,-1.10229510780822E-19));
#3745=DIRECTION('ref_axis',(1.,2.65291792907369E-18,0.));
#3746=DIRECTION('',(-1.,-2.65291792907369E-18,2.44929359829471E-16));
#3747=DIRECTION('',(0.,0.,-1.));
#3748=DIRECTION('',(0.,1.,0.));
#3749=DIRECTION('center_axis',(2.44929359829471E-16,0.,1.));
#3750=DIRECTION('ref_axis',(1.,0.,-2.44929359829471E-16));
#3751=DIRECTION('',(0.,1.,0.));
#3752=DIRECTION('',(1.,0.,-2.44929359829471E-16));
#3753=DIRECTION('center_axis',(2.44929359829471E-16,0.,1.));
#3754=DIRECTION('ref_axis',(-1.,0.,2.44929359829471E-16));
#3755=DIRECTION('center_axis',(2.44929359829471E-16,0.,1.));
#3756=DIRECTION('ref_axis',(-1.,0.,2.44929359829471E-16));
#3757=DIRECTION('center_axis',(1.,0.,0.));
#3758=DIRECTION('ref_axis',(0.,0.,-1.));
#3759=DIRECTION('',(0.,1.,0.));
#3760=DIRECTION('',(0.,0.,-1.));
#3761=DIRECTION('',(0.,1.,0.));
#3762=DIRECTION('',(0.,1.,0.));
#3763=DIRECTION('',(0.,0.,-1.));
#3764=DIRECTION('',(0.,1.,0.));
#3765=DIRECTION('',(0.,1.,0.));
#3766=DIRECTION('',(0.,0.,-1.));
#3767=DIRECTION('',(0.,0.,1.));
#3768=DIRECTION('center_axis',(1.12967380488767E-15,0.,-1.));
#3769=DIRECTION('ref_axis',(-1.,0.,-1.12967380488767E-15));
#3770=DIRECTION('',(0.,-1.,0.));
#3771=DIRECTION('',(-1.,0.,-1.12967380488767E-15));
#3772=DIRECTION('',(1.,0.,1.12967380488767E-15));
#3773=DIRECTION('center_axis',(-1.,0.,-2.67107859701342E-16));
#3774=DIRECTION('ref_axis',(-2.67107859701342E-16,0.,1.));
#3775=DIRECTION('',(2.67107859701342E-16,0.,-1.));
#3776=DIRECTION('',(0.,-1.,0.));
#3777=DIRECTION('',(-2.67107859701342E-16,0.,1.));
#3778=DIRECTION('center_axis',(-2.65291792907369E-18,1.,-1.10229510780822E-19));
#3779=DIRECTION('ref_axis',(1.,2.65291792907369E-18,0.));
#3780=DIRECTION('',(-1.,-2.65291792907369E-18,2.44929359829471E-16));
#3781=DIRECTION('center_axis',(2.44929359829471E-16,0.,1.));
#3782=DIRECTION('ref_axis',(1.,0.,-2.44929359829471E-16));
#3783=DIRECTION('center_axis',(-2.65291792907369E-18,1.,-1.10229510780822E-19));
#3784=DIRECTION('ref_axis',(1.,2.65291792907369E-18,0.));
#3785=DIRECTION('center_axis',(2.44929359829471E-16,0.,1.));
#3786=DIRECTION('ref_axis',(1.,0.,-2.44929359829471E-16));
#3787=DIRECTION('center_axis',(-0.17364817766693,0.,-0.984807753012208));
#3788=DIRECTION('ref_axis',(-0.984807753012208,0.,0.17364817766693));
#3789=DIRECTION('center_axis',(-0.17364817766693,0.,-0.984807753012208));
#3790=DIRECTION('ref_axis',(-3.60822483003176E-16,1.,1.11022302462516E-16));
#3791=DIRECTION('center_axis',(0.,-1.,0.));
#3792=DIRECTION('ref_axis',(0.984807753012208,0.,-0.17364817766693));
#3793=DIRECTION('center_axis',(0.17364817766693,0.,0.984807753012208));
#3794=DIRECTION('ref_axis',(-3.68928285747742E-16,1.,6.50520107238489E-17));
#3795=DIRECTION('center_axis',(-0.17364817766693,0.,-0.984807753012208));
#3796=DIRECTION('ref_axis',(-3.60822483003176E-16,1.,1.11022302462516E-16));
#3797=DIRECTION('center_axis',(0.17364817766693,0.,0.984807753012208));
#3798=DIRECTION('ref_axis',(0.984807753012208,0.,-0.17364817766693));
#3799=DIRECTION('',(0.,1.,0.));
#3800=DIRECTION('',(-0.984807753012208,0.,0.17364817766693));
#3801=DIRECTION('',(0.,-1.,0.));
#3802=DIRECTION('',(0.984807753012208,0.,-0.17364817766693));
#3803=DIRECTION('center_axis',(0.17364817766693,0.,0.984807753012208));
#3804=DIRECTION('ref_axis',(-3.68928285747742E-16,1.,6.50520107238489E-17));
#3805=DIRECTION('center_axis',(0.17364817766693,0.,0.984807753012208));
#3806=DIRECTION('ref_axis',(-7.95660212054467E-16,1.,1.4029636286142E-16));
#3807=DIRECTION('center_axis',(0.17364817766693,0.,0.984807753012208));
#3808=DIRECTION('ref_axis',(-7.95660212054467E-16,1.,1.4029636286142E-16));
#3809=DIRECTION('center_axis',(0.17364817766693,0.,0.984807753012208));
#3810=DIRECTION('ref_axis',(0.,1.,0.));
#3811=DIRECTION('center_axis',(0.17364817766693,0.,0.984807753012208));
#3812=DIRECTION('ref_axis',(0.,1.,0.));
#3813=DIRECTION('',(-0.17364817766693,0.,-0.984807753012208));
#3814=DIRECTION('center_axis',(-0.17364817766693,0.,-0.984807753012208));
#3815=DIRECTION('ref_axis',(-0.984807753012208,0.,0.17364817766693));
#3816=DIRECTION('center_axis',(-0.17364817766693,0.,-0.984807753012208));
#3817=DIRECTION('ref_axis',(-3.60822483003176E-16,1.,1.11022302462516E-16));
#3818=DIRECTION('center_axis',(0.,-1.,0.));
#3819=DIRECTION('ref_axis',(0.984807753012208,0.,-0.17364817766693));
#3820=DIRECTION('center_axis',(-0.17364817766693,0.,-0.984807753012208));
#3821=DIRECTION('ref_axis',(-3.60822483003176E-16,1.,1.11022302462516E-16));
#3822=DIRECTION('center_axis',(0.17364817766693,0.,0.984807753012208));
#3823=DIRECTION('ref_axis',(0.,1.,0.));
#3824=DIRECTION('center_axis',(0.17364817766693,0.,0.984807753012208));
#3825=DIRECTION('ref_axis',(0.,1.,0.));
#3826=DIRECTION('',(-0.17364817766693,0.,-0.984807753012208));
#3827=DIRECTION('center_axis',(-0.17364817766693,0.,-0.984807753012208));
#3828=DIRECTION('ref_axis',(-0.984807753012208,0.,0.173648177666929));
#3829=DIRECTION('center_axis',(-0.17364817766693,0.,-0.984807753012208));
#3830=DIRECTION('ref_axis',(-7.91033905045424E-16,1.,1.66533453693773E-16));
#3831=DIRECTION('center_axis',(0.,-1.,0.));
#3832=DIRECTION('ref_axis',(0.984807753012208,0.,-0.17364817766693));
#3833=DIRECTION('center_axis',(-0.17364817766693,0.,-0.984807753012208));
#3834=DIRECTION('ref_axis',(-7.91033905045424E-16,1.,1.66533453693773E-16));
#3835=DIRECTION('center_axis',(0.173648177666931,0.,0.984807753012208));
#3836=DIRECTION('ref_axis',(0.,1.,0.));
#3837=DIRECTION('center_axis',(0.17364817766693,0.,0.984807753012208));
#3838=DIRECTION('ref_axis',(0.,1.,0.));
#3839=DIRECTION('',(-0.173648177666931,0.,-0.984807753012208));
#3840=DIRECTION('center_axis',(-0.17364817766693,0.,-0.984807753012208));
#3841=DIRECTION('ref_axis',(-0.984807753012208,0.,0.173648177666929));
#3842=DIRECTION('center_axis',(-0.17364817766693,0.,-0.984807753012208));
#3843=DIRECTION('ref_axis',(-7.91033905045424E-16,1.,1.66533453693773E-16));
#3844=DIRECTION('center_axis',(0.,-1.,0.));
#3845=DIRECTION('ref_axis',(0.984807753012208,0.,-0.17364817766693));
#3846=DIRECTION('center_axis',(-0.17364817766693,0.,-0.984807753012208));
#3847=DIRECTION('ref_axis',(-7.91033905045424E-16,1.,1.66533453693773E-16));
#3848=DIRECTION('center_axis',(0.173648177666931,0.,0.984807753012208));
#3849=DIRECTION('ref_axis',(0.,1.,0.));
#3850=DIRECTION('center_axis',(0.17364817766693,0.,0.984807753012208));
#3851=DIRECTION('ref_axis',(0.,1.,0.));
#3852=DIRECTION('',(-0.173648177666931,0.,-0.984807753012208));
#3853=DIRECTION('center_axis',(-2.44929359829471E-16,0.,-1.));
#3854=DIRECTION('ref_axis',(-1.,0.,2.46716227694479E-16));
#3855=DIRECTION('center_axis',(-2.44929359829471E-16,0.,-1.));
#3856=DIRECTION('ref_axis',(-1.,0.,2.22044604925031E-16));
#3857=DIRECTION('center_axis',(0.,-1.,0.));
#3858=DIRECTION('ref_axis',(1.,0.,-2.4671622769448E-16));
#3859=DIRECTION('center_axis',(0.,0.,1.));
#3860=DIRECTION('ref_axis',(-1.,0.,0.));
#3861=DIRECTION('center_axis',(0.,0.,1.));
#3862=DIRECTION('ref_axis',(-1.,0.,0.));
#3863=DIRECTION('',(0.,0.,-1.));
#3864=DIRECTION('center_axis',(-2.44929359829471E-16,0.,-1.));
#3865=DIRECTION('ref_axis',(-1.,0.,2.46716227694479E-16));
#3866=DIRECTION('center_axis',(-2.44929359829471E-16,0.,-1.));
#3867=DIRECTION('ref_axis',(-1.,0.,2.22044604925031E-16));
#3868=DIRECTION('center_axis',(0.,-1.,0.));
#3869=DIRECTION('ref_axis',(1.,0.,-2.4671622769448E-16));
#3870=DIRECTION('center_axis',(0.,0.,1.));
#3871=DIRECTION('ref_axis',(-1.,0.,0.));
#3872=DIRECTION('center_axis',(0.,0.,1.));
#3873=DIRECTION('ref_axis',(-1.,0.,0.));
#3874=DIRECTION('',(0.,0.,-1.));
#3875=DIRECTION('center_axis',(-2.44929359829471E-16,0.,-1.));
#3876=DIRECTION('ref_axis',(-1.,0.,2.46716227694479E-16));
#3877=DIRECTION('center_axis',(-2.44929359829471E-16,0.,-1.));
#3878=DIRECTION('ref_axis',(-1.,0.,2.22044604925031E-16));
#3879=DIRECTION('center_axis',(0.,-1.,0.));
#3880=DIRECTION('ref_axis',(1.,0.,-2.46716227694479E-16));
#3881=DIRECTION('center_axis',(0.,0.,1.));
#3882=DIRECTION('ref_axis',(-1.,0.,0.));
#3883=DIRECTION('center_axis',(0.,0.,1.));
#3884=DIRECTION('ref_axis',(-1.,0.,0.));
#3885=DIRECTION('',(0.,0.,-1.));
#3886=DIRECTION('center_axis',(-2.44929359829471E-16,0.,-1.));
#3887=DIRECTION('ref_axis',(-1.,0.,2.46716227694479E-16));
#3888=DIRECTION('center_axis',(-2.44929359829471E-16,0.,-1.));
#3889=DIRECTION('ref_axis',(-1.,0.,2.22044604925031E-16));
#3890=DIRECTION('center_axis',(0.,-1.,0.));
#3891=DIRECTION('ref_axis',(1.,0.,-2.46716227694479E-16));
#3892=DIRECTION('center_axis',(0.,0.,1.));
#3893=DIRECTION('ref_axis',(-1.,0.,0.));
#3894=DIRECTION('center_axis',(0.,0.,1.));
#3895=DIRECTION('ref_axis',(-1.,0.,0.));
#3896=DIRECTION('',(0.,0.,-1.));
#3897=DIRECTION('center_axis',(0.,0.,1.));
#3898=DIRECTION('ref_axis',(1.,0.,0.));
#3899=DIRECTION('center_axis',(0.,0.,-1.));
#3900=DIRECTION('ref_axis',(1.,0.,0.));
#3901=DIRECTION('',(0.707106781186547,-8.65956056235493E-17,-0.707106781186548));
#3902=DIRECTION('center_axis',(0.,0.,-1.));
#3903=DIRECTION('ref_axis',(1.,0.,0.));
#3904=DIRECTION('center_axis',(0.,0.,-1.));
#3905=DIRECTION('ref_axis',(1.,0.,0.));
#3906=DIRECTION('',(0.,0.,-1.));
#3907=DIRECTION('center_axis',(0.,0.,-1.));
#3908=DIRECTION('ref_axis',(1.,0.,0.));
#3909=DIRECTION('center_axis',(0.,0.,-1.));
#3910=DIRECTION('ref_axis',(1.,0.,0.));
#3911=DIRECTION('center_axis',(0.,0.,1.));
#3912=DIRECTION('ref_axis',(1.,0.,0.));
#3913=DIRECTION('center_axis',(0.,0.,-1.));
#3914=DIRECTION('ref_axis',(1.,0.,0.));
#3915=DIRECTION('',(0.707106781186547,-8.65956056235493E-17,-0.707106781186548));
#3916=DIRECTION('center_axis',(0.,0.,-1.));
#3917=DIRECTION('ref_axis',(1.,0.,0.));
#3918=DIRECTION('center_axis',(0.,0.,-1.));
#3919=DIRECTION('ref_axis',(1.,0.,0.));
#3920=DIRECTION('',(0.,0.,-1.));
#3921=DIRECTION('center_axis',(0.,0.,-1.));
#3922=DIRECTION('ref_axis',(1.,0.,0.));
#3923=DIRECTION('center_axis',(0.,0.,-1.));
#3924=DIRECTION('ref_axis',(1.,0.,0.));
#3925=DIRECTION('center_axis',(0.,0.,1.));
#3926=DIRECTION('ref_axis',(1.,0.,0.));
#3927=DIRECTION('center_axis',(0.,0.,-1.));
#3928=DIRECTION('ref_axis',(1.,0.,0.));
#3929=DIRECTION('',(0.707106781186547,-8.65956056235493E-17,-0.707106781186548));
#3930=DIRECTION('center_axis',(0.,0.,-1.));
#3931=DIRECTION('ref_axis',(1.,0.,0.));
#3932=DIRECTION('center_axis',(0.,0.,-1.));
#3933=DIRECTION('ref_axis',(1.,0.,0.));
#3934=DIRECTION('',(0.,0.,-1.));
#3935=DIRECTION('center_axis',(0.,0.,-1.));
#3936=DIRECTION('ref_axis',(1.,0.,0.));
#3937=DIRECTION('center_axis',(0.,0.,-1.));
#3938=DIRECTION('ref_axis',(1.,0.,0.));
#3939=DIRECTION('center_axis',(0.,0.,1.));
#3940=DIRECTION('ref_axis',(1.,0.,0.));
#3941=DIRECTION('center_axis',(0.,0.,-1.));
#3942=DIRECTION('ref_axis',(1.,0.,0.));
#3943=DIRECTION('',(0.707106781186547,-8.65956056235493E-17,-0.707106781186548));
#3944=DIRECTION('center_axis',(0.,0.,-1.));
#3945=DIRECTION('ref_axis',(1.,0.,0.));
#3946=DIRECTION('center_axis',(0.,0.,-1.));
#3947=DIRECTION('ref_axis',(1.,0.,0.));
#3948=DIRECTION('',(0.,0.,-1.));
#3949=DIRECTION('center_axis',(0.,0.,-1.));
#3950=DIRECTION('ref_axis',(1.,0.,0.));
#3951=DIRECTION('center_axis',(0.,0.,-1.));
#3952=DIRECTION('ref_axis',(1.,0.,0.));
#3953=DIRECTION('center_axis',(0.17364817766693,0.,0.984807753012208));
#3954=DIRECTION('ref_axis',(0.984807753012208,0.,-0.17364817766693));
#3955=DIRECTION('center_axis',(-0.17364817766693,0.,-0.984807753012208));
#3956=DIRECTION('ref_axis',(0.984807753012208,0.,-0.17364817766693));
#3957=DIRECTION('',(0.573576436351046,-8.65956056235493E-17,-0.819152044288992));
#3958=DIRECTION('center_axis',(-0.17364817766693,0.,-0.984807753012208));
#3959=DIRECTION('ref_axis',(0.984807753012208,0.,-0.17364817766693));
#3960=DIRECTION('center_axis',(-0.17364817766693,0.,-0.984807753012208));
#3961=DIRECTION('ref_axis',(0.984807753012208,0.,-0.17364817766693));
#3962=DIRECTION('',(-0.17364817766693,0.,-0.984807753012208));
#3963=DIRECTION('center_axis',(-0.17364817766693,0.,-0.984807753012208));
#3964=DIRECTION('ref_axis',(0.984807753012208,0.,-0.17364817766693));
#3965=DIRECTION('center_axis',(-0.17364817766693,0.,-0.984807753012208));
#3966=DIRECTION('ref_axis',(0.984807753012208,0.,-0.17364817766693));
#3967=DIRECTION('center_axis',(0.17364817766693,0.,0.984807753012208));
#3968=DIRECTION('ref_axis',(0.984807753012208,0.,-0.17364817766693));
#3969=DIRECTION('center_axis',(-0.17364817766693,0.,-0.984807753012208));
#3970=DIRECTION('ref_axis',(0.984807753012208,0.,-0.17364817766693));
#3971=DIRECTION('',(0.573576436351046,-8.65956056235493E-17,-0.819152044288992));
#3972=DIRECTION('center_axis',(-0.17364817766693,0.,-0.984807753012208));
#3973=DIRECTION('ref_axis',(0.984807753012208,0.,-0.17364817766693));
#3974=DIRECTION('center_axis',(-0.17364817766693,0.,-0.984807753012208));
#3975=DIRECTION('ref_axis',(0.984807753012208,0.,-0.17364817766693));
#3976=DIRECTION('',(-0.17364817766693,0.,-0.984807753012208));
#3977=DIRECTION('center_axis',(-0.17364817766693,0.,-0.984807753012208));
#3978=DIRECTION('ref_axis',(0.984807753012208,0.,-0.17364817766693));
#3979=DIRECTION('center_axis',(-0.17364817766693,0.,-0.984807753012208));
#3980=DIRECTION('ref_axis',(0.984807753012208,0.,-0.17364817766693));
#3981=DIRECTION('center_axis',(0.17364817766693,0.,0.984807753012208));
#3982=DIRECTION('ref_axis',(0.984807753012208,0.,-0.17364817766693));
#3983=DIRECTION('center_axis',(-0.17364817766693,0.,-0.984807753012208));
#3984=DIRECTION('ref_axis',(0.984807753012208,0.,-0.17364817766693));
#3985=DIRECTION('',(0.573576436351046,-8.65956056235493E-17,-0.819152044288992));
#3986=DIRECTION('center_axis',(-0.17364817766693,0.,-0.984807753012208));
#3987=DIRECTION('ref_axis',(0.984807753012208,0.,-0.17364817766693));
#3988=DIRECTION('center_axis',(-0.17364817766693,0.,-0.984807753012208));
#3989=DIRECTION('ref_axis',(0.984807753012208,0.,-0.17364817766693));
#3990=DIRECTION('',(-0.17364817766693,0.,-0.984807753012208));
#3991=DIRECTION('center_axis',(-0.17364817766693,0.,-0.984807753012208));
#3992=DIRECTION('ref_axis',(0.984807753012208,0.,-0.17364817766693));
#3993=DIRECTION('center_axis',(-0.17364817766693,0.,-0.984807753012208));
#3994=DIRECTION('ref_axis',(0.984807753012208,0.,-0.17364817766693));
#3995=DIRECTION('center_axis',(0.17364817766693,0.,0.984807753012208));
#3996=DIRECTION('ref_axis',(0.984807753012208,0.,-0.17364817766693));
#3997=DIRECTION('center_axis',(-0.17364817766693,0.,-0.984807753012208));
#3998=DIRECTION('ref_axis',(0.984807753012208,0.,-0.17364817766693));
#3999=DIRECTION('',(0.573576436351046,-8.65956056235493E-17,-0.819152044288992));
#4000=DIRECTION('center_axis',(-0.17364817766693,0.,-0.984807753012208));
#4001=DIRECTION('ref_axis',(0.984807753012208,0.,-0.17364817766693));
#4002=DIRECTION('center_axis',(-0.17364817766693,0.,-0.984807753012208));
#4003=DIRECTION('ref_axis',(0.984807753012208,0.,-0.17364817766693));
#4004=DIRECTION('',(-0.17364817766693,0.,-0.984807753012208));
#4005=DIRECTION('center_axis',(-0.17364817766693,0.,-0.984807753012208));
#4006=DIRECTION('ref_axis',(0.984807753012208,0.,-0.17364817766693));
#4007=DIRECTION('center_axis',(-0.17364817766693,0.,-0.984807753012208));
#4008=DIRECTION('ref_axis',(0.984807753012208,0.,-0.17364817766693));
#4009=DIRECTION('center_axis',(0.17364817766693,0.,0.984807753012208));
#4010=DIRECTION('ref_axis',(0.,1.,0.));
#4011=DIRECTION('center_axis',(0.17364817766693,0.,0.984807753012208));
#4012=DIRECTION('ref_axis',(0.,1.,0.));
#4013=DIRECTION('center_axis',(0.17364817766693,0.,0.984807753012208));
#4014=DIRECTION('ref_axis',(0.,1.,0.));
#4015=DIRECTION('center_axis',(0.17364817766693,0.,0.984807753012208));
#4016=DIRECTION('ref_axis',(0.,1.,0.));
#4017=DIRECTION('center_axis',(0.,0.,1.));
#4018=DIRECTION('ref_axis',(-1.,0.,0.));
#4019=DIRECTION('center_axis',(0.,0.,1.));
#4020=DIRECTION('ref_axis',(-1.,0.,0.));
#4021=DIRECTION('center_axis',(0.,0.,1.));
#4022=DIRECTION('ref_axis',(-1.,0.,0.));
#4023=DIRECTION('center_axis',(0.,0.,1.));
#4024=DIRECTION('ref_axis',(-1.,0.,0.));
#4025=DIRECTION('center_axis',(-0.642787609686537,0.,0.76604444311898));
#4026=DIRECTION('ref_axis',(0.76604444311898,0.,0.642787609686537));
#4027=DIRECTION('',(-0.76604444311898,0.,-0.642787609686537));
#4028=DIRECTION('',(0.76604444311898,0.,0.642787609686537));
#4029=DIRECTION('center_axis',(0.,-1.,0.));
#4030=DIRECTION('ref_axis',(0.,0.,-1.));
#4031=DIRECTION('',(0.642787609686543,0.,-0.766044443118975));
#4032=DIRECTION('center_axis',(0.766044443118975,0.,0.642787609686543));
#4033=DIRECTION('ref_axis',(0.642787609686543,0.,-0.766044443118975));
#4034=DIRECTION('',(-0.642787609686543,0.,0.766044443118975));
#4035=DIRECTION('center_axis',(0.,1.,0.));
#4036=DIRECTION('ref_axis',(0.,0.,1.));
#4037=DIRECTION('center_axis',(-9.54848875704163E-16,0.,1.));
#4038=DIRECTION('ref_axis',(1.,0.,9.54848875704163E-16));
#4039=DIRECTION('center_axis',(-0.17364817766693,0.,-0.984807753012208));
#4040=DIRECTION('ref_axis',(0.984807753012208,0.,-0.17364817766693));
#4041=DIRECTION('',(9.54848875704163E-16,0.,-1.));
#4042=DIRECTION('center_axis',(-1.12967380488767E-15,0.,1.));
#4043=DIRECTION('ref_axis',(1.,0.,9.54848875704163E-16));
#4044=DIRECTION('center_axis',(0.17364817766693,0.,0.984807753012208));
#4045=DIRECTION('ref_axis',(0.984807753012208,0.,-0.17364817766693));
#4046=DIRECTION('center_axis',(1.12967380488767E-15,0.,-1.));
#4047=DIRECTION('ref_axis',(-1.,0.,-1.12967380488767E-15));
#4048=CARTESIAN_POINT('',(0.,0.,0.));
#4049=CARTESIAN_POINT('Origin',(-26.0974054548235,-30.,-2.30000000000025));
#4050=CARTESIAN_POINT('',(-27.0974054548235,-30.,57.4425224815449));
#4051=CARTESIAN_POINT('Origin',(-26.0974054548235,-30.,57.2661955008364));
#4052=CARTESIAN_POINT('',(-27.0974054548235,-30.,-2.23832121069204E-13));
#4053=CARTESIAN_POINT('',(-27.0974054548235,-30.,-2.30000000000025));
#4054=CARTESIAN_POINT('Origin',(-26.0974054548235,-30.,-2.228772721935E-13));
#4055=CARTESIAN_POINT('Origin',(165.,0.,-4.05231403988182E-14));
#4056=CARTESIAN_POINT('Origin',(-52.594201718281,0.,61.9382955844192));
#4057=CARTESIAN_POINT('Ctrl Pts',(-30.2501090994897,-30.,57.9984291962774));
#4058=CARTESIAN_POINT('Ctrl Pts',(-30.2501090994897,-30.6731984257693,57.9984291962774));
#4059=CARTESIAN_POINT('Ctrl Pts',(-29.9397376199335,-32.0142367799424,57.9437023303893));
#4060=CARTESIAN_POINT('Ctrl Pts',(-28.2301817340002,-34.1933893345845,57.6422615026703));
#4061=CARTESIAN_POINT('Ctrl Pts',(-24.6072480426335,-35.0200409298117,57.0034405435646));
#4062=CARTESIAN_POINT('Ctrl Pts',(-21.105326131366,-32.2353275130746,56.385957226274));
#4063=CARTESIAN_POINT('Ctrl Pts',(-21.1099805635587,-27.7665499401027,56.3867779282495));
#4064=CARTESIAN_POINT('Ctrl Pts',(-24.6074738204171,-24.973530375916,57.0034803542795));
#4065=CARTESIAN_POINT('Ctrl Pts',(-28.2287754633594,-25.80910011674,57.6420135392141));
#4066=CARTESIAN_POINT('Ctrl Pts',(-29.9391093419048,-27.9865480714105,57.9435915480214));
#4067=CARTESIAN_POINT('Ctrl Pts',(-30.2501090994897,-29.3268015742308,57.9984291962774));
#4068=CARTESIAN_POINT('Ctrl Pts',(-30.2501090994897,-30.,57.9984291962774));
#4069=CARTESIAN_POINT('Ctrl Pts',(-29.9881946188919,-30.,57.9522466067098));
#4070=CARTESIAN_POINT('Ctrl Pts',(-29.9881946188919,-30.6327892510091,57.9522466067098));
#4071=CARTESIAN_POINT('Ctrl Pts',(-29.6940179132884,-31.8928445873152,57.9003701198909));
#4072=CARTESIAN_POINT('Ctrl Pts',(-28.0770870858808,-33.9344208767341,57.6152467237609));
#4073=CARTESIAN_POINT('Ctrl Pts',(-24.6707193077413,-34.6751107749835,57.0146267645254));
#4074=CARTESIAN_POINT('Ctrl Pts',(-21.4429797939108,-32.0598951233031,56.4455332566714));
#4075=CARTESIAN_POINT('Ctrl Pts',(-21.447487552547,-27.9416978659933,56.4463085135656));
#4076=CARTESIAN_POINT('Ctrl Pts',(-24.670475411075,-25.3186584864675,57.0145942695818));
#4077=CARTESIAN_POINT('Ctrl Pts',(-28.0757774598185,-26.0682405813775,57.6150298044626));
#4078=CARTESIAN_POINT('Ctrl Pts',(-29.6933986271948,-28.1079516956568,57.9002537181447));
#4079=CARTESIAN_POINT('Ctrl Pts',(-29.9881946188919,-29.367210748991,57.9522466067098));
#4080=CARTESIAN_POINT('Ctrl Pts',(-29.9881946188919,-30.,57.9522466067098));
#4081=CARTESIAN_POINT('Ctrl Pts',(-29.4835778346249,-30.,57.7539068869808));
#4082=CARTESIAN_POINT('Ctrl Pts',(-29.4835778346249,-30.5520332799079,57.7539068869808));
#4083=CARTESIAN_POINT('Ctrl Pts',(-29.2220985347971,-31.6502951612231,57.7058755308898));
#4084=CARTESIAN_POINT('Ctrl Pts',(-27.7920943323326,-33.4170384536848,57.4429630729319));
#4085=CARTESIAN_POINT('Ctrl Pts',(-24.8225522130265,-33.9863384757316,56.8951797494127));
#4086=CARTESIAN_POINT('Ctrl Pts',(-22.146570938068,-31.7097738125106,56.3964788670358));
#4087=CARTESIAN_POINT('Ctrl Pts',(-22.1507311262045,-28.2912505462188,56.3972417151817));
#4088=CARTESIAN_POINT('Ctrl Pts',(-24.8213837228175,-26.0078596168389,56.8950015766659));
#4089=CARTESIAN_POINT('Ctrl Pts',(-27.7910137380083,-26.5859627009286,57.4427569061877));
#4090=CARTESIAN_POINT('Ctrl Pts',(-29.2214842879743,-28.3505178863276,57.7057639751434));
#4091=CARTESIAN_POINT('Ctrl Pts',(-29.4835778346249,-29.4479667200921,57.7539068869808));
#4092=CARTESIAN_POINT('Ctrl Pts',(-29.4835778346249,-30.,57.7539068869808));
#4093=CARTESIAN_POINT('Ctrl Pts',(-28.8030402355607,-30.,57.0910534764202));
#4094=CARTESIAN_POINT('Ctrl Pts',(-28.8030402355607,-30.4327848811155,57.0910534764202));
#4095=CARTESIAN_POINT('Ctrl Pts',(-28.5936877559199,-31.2926671296985,57.0431519534086));
#4096=CARTESIAN_POINT('Ctrl Pts',(-27.455535030194,-32.6627377906295,56.7812382936764));
#4097=CARTESIAN_POINT('Ctrl Pts',(-25.1374173590119,-33.0318583728466,56.2367405094589));
#4098=CARTESIAN_POINT('Ctrl Pts',(-23.1849839139949,-31.2542931615879,55.746014965553));
#4099=CARTESIAN_POINT('Ctrl Pts',(-23.1885933927095,-28.7461551472931,55.7467809393219));
#4100=CARTESIAN_POINT('Ctrl Pts',(-25.1355069308307,-26.9631249401959,56.236532511987));
#4101=CARTESIAN_POINT('Ctrl Pts',(-27.4546894250772,-27.3402769277332,56.7810334877519));
#4102=CARTESIAN_POINT('Ctrl Pts',(-28.5931924544247,-28.7081069269892,57.0430356645701));
#4103=CARTESIAN_POINT('Ctrl Pts',(-28.8030402355607,-29.5672151188845,57.0910534764202));
#4104=CARTESIAN_POINT('Ctrl Pts',(-28.8030402355607,-30.,57.0910534764202));
#4105=CARTESIAN_POINT('Ctrl Pts',(-28.5974054548235,-30.,56.4277460907089));
#4106=CARTESIAN_POINT('Ctrl Pts',(-28.5974054548235,-30.3843191400211,56.4277460907089));
#4107=CARTESIAN_POINT('Ctrl Pts',(-28.4149490023633,-31.1492446968368,56.3755914282657));
#4108=CARTESIAN_POINT('Ctrl Pts',(-27.4175247961904,-32.3766999254553,56.0890803479369));
#4109=CARTESIAN_POINT('Ctrl Pts',(-25.3583144619389,-32.7617161810095,55.4860314721214));
#4110=CARTESIAN_POINT('Ctrl Pts',(-23.5200142936011,-31.1798283097048,54.9168703230121));
#4111=CARTESIAN_POINT('Ctrl Pts',(-23.5225226094953,-28.8208226216872,54.9176246062075));
#4112=CARTESIAN_POINT('Ctrl Pts',(-25.3574627097391,-27.2345302241654,55.4859952564681));
#4113=CARTESIAN_POINT('Ctrl Pts',(-27.4171087002167,-27.625439374532,56.0888807052589));
#4114=CARTESIAN_POINT('Ctrl Pts',(-28.4144329354384,-28.8512810204642,56.375463029442));
#4115=CARTESIAN_POINT('Ctrl Pts',(-28.5974054548235,-29.6156808599789,56.4277460907089));
#4116=CARTESIAN_POINT('Ctrl Pts',(-28.5974054548235,-30.,56.4277460907089));
#4117=CARTESIAN_POINT('Ctrl Pts',(-28.5974054548235,-30.,56.028813690253));
#4118=CARTESIAN_POINT('Ctrl Pts',(-28.5974054548235,-30.3739991254274,56.028813690253));
#4119=CARTESIAN_POINT('Ctrl Pts',(-28.4249768550701,-31.1190204333013,55.9740868243649));
#4120=CARTESIAN_POINT('Ctrl Pts',(-27.4752235851071,-32.3296607414358,55.6726459966459));
#4121=CARTESIAN_POINT('Ctrl Pts',(-25.462482645459,-32.7889116276732,55.0338250375402));
#4122=CARTESIAN_POINT('Ctrl Pts',(-23.5169704725326,-31.2418486183748,54.4163417202496));
#4123=CARTESIAN_POINT('Ctrl Pts',(-23.5195562681952,-28.7591944111682,54.417162422225));
#4124=CARTESIAN_POINT('Ctrl Pts',(-25.462608077561,-27.2075168755089,55.0338648482551));
#4125=CARTESIAN_POINT('Ctrl Pts',(-27.47444232364,-27.6717222870778,55.6723980331897));
#4126=CARTESIAN_POINT('Ctrl Pts',(-28.4246278117208,-28.8814155952281,55.973976041997));
#4127=CARTESIAN_POINT('Ctrl Pts',(-28.5974054548235,-29.6260008745726,56.028813690253));
#4128=CARTESIAN_POINT('Ctrl Pts',(-28.5974054548235,-30.,56.028813690253));
#4129=CARTESIAN_POINT('',(-30.2501090994897,-30.,57.9984291962774));
#4130=CARTESIAN_POINT('',(-28.5974054548235,-30.,56.028813690253));
#4131=CARTESIAN_POINT('Origin',(-30.5974054548235,-30.,56.028813690253));
#4132=CARTESIAN_POINT('Origin',(-26.0974054548235,-30.,55.2353422770649));
#4133=CARTESIAN_POINT('Origin',(-25.7501090994897,-30.,57.2049577830894));
#4134=CARTESIAN_POINT('Origin',(-52.594201718281,0.,61.9382955844192));
#4135=CARTESIAN_POINT('',(-49.894810909647,-80.7,61.4623201533806));
#4136=CARTESIAN_POINT('',(-2.3,-80.7,53.0700708482922));
#4137=CARTESIAN_POINT('',(2.91038058941025,-80.7,52.1513401706196));
#4138=CARTESIAN_POINT('',(-49.894810909647,80.7,61.4623201533806));
#4139=CARTESIAN_POINT('',(-49.894810909647,0.,61.4623201533806));
#4140=CARTESIAN_POINT('',(-2.3,80.7,53.0700708482923));
#4141=CARTESIAN_POINT('',(2.91038058941025,80.7,52.1513401706196));
#4142=CARTESIAN_POINT('',(-2.3,0.,53.0700708482922));
#4143=CARTESIAN_POINT('',(-30.2501090994897,30.,57.9984291962774));
#4144=CARTESIAN_POINT('Origin',(-25.7501090994897,30.,57.2049577830894));
#4145=CARTESIAN_POINT('Origin',(-26.0974054548235,-30.,-2.30000000000025));
#4146=CARTESIAN_POINT('',(-28.5974054548235,-30.,1.99999999999977));
#4147=CARTESIAN_POINT('',(-28.5974054548235,-30.,-2.30000000000025));
#4148=CARTESIAN_POINT('',(-23.5974054548235,-30.,1.99999999999978));
#4149=CARTESIAN_POINT('Origin',(-26.0974054548235,-30.,1.99999999999978));
#4150=CARTESIAN_POINT('Origin',(-26.0974054548235,-30.,1.99999999999978));
#4151=CARTESIAN_POINT('Ctrl Pts',(-30.2501090994897,30.,57.9984291962774));
#4152=CARTESIAN_POINT('Ctrl Pts',(-30.2501090994897,29.3268015742308,57.9984291962774));
#4153=CARTESIAN_POINT('Ctrl Pts',(-29.9397376199335,27.9857632200576,57.9437023303893));
#4154=CARTESIAN_POINT('Ctrl Pts',(-28.2301817340002,25.8066106654155,57.6422615026703));
#4155=CARTESIAN_POINT('Ctrl Pts',(-24.6072480426335,24.9799590701883,57.0034405435646));
#4156=CARTESIAN_POINT('Ctrl Pts',(-21.105326131366,27.7646724869254,56.385957226274));
#4157=CARTESIAN_POINT('Ctrl Pts',(-21.1099805635587,32.2334500598973,56.3867779282495));
#4158=CARTESIAN_POINT('Ctrl Pts',(-24.6074738204171,35.026469624084,57.0034803542795));
#4159=CARTESIAN_POINT('Ctrl Pts',(-28.2287754633594,34.19089988326,57.6420135392141));
#4160=CARTESIAN_POINT('Ctrl Pts',(-29.9391093419048,32.0134519285895,57.9435915480214));
#4161=CARTESIAN_POINT('Ctrl Pts',(-30.2501090994897,30.6731984257693,57.9984291962774));
#4162=CARTESIAN_POINT('Ctrl Pts',(-30.2501090994897,30.,57.9984291962774));
#4163=CARTESIAN_POINT('Ctrl Pts',(-29.9881946188919,30.,57.9522466067098));
#4164=CARTESIAN_POINT('Ctrl Pts',(-29.9881946188919,29.367210748991,57.9522466067098));
#4165=CARTESIAN_POINT('Ctrl Pts',(-29.6940179132883,28.1071554126849,57.9003701198909));
#4166=CARTESIAN_POINT('Ctrl Pts',(-28.0770870858808,26.0655791232659,57.615246723761));
#4167=CARTESIAN_POINT('Ctrl Pts',(-24.6707193077413,25.3248892250165,57.0146267645254));
#4168=CARTESIAN_POINT('Ctrl Pts',(-21.4429797939108,27.9401048766969,56.4455332566714));
#4169=CARTESIAN_POINT('Ctrl Pts',(-21.447487552547,32.0583021340067,56.4463085135655));
#4170=CARTESIAN_POINT('Ctrl Pts',(-24.670475411075,34.6813415135325,57.0145942695819));
#4171=CARTESIAN_POINT('Ctrl Pts',(-28.0757774598185,33.9317594186225,57.6150298044626));
#4172=CARTESIAN_POINT('Ctrl Pts',(-29.6933986271948,31.8920483043432,57.9002537181447));
#4173=CARTESIAN_POINT('Ctrl Pts',(-29.9881946188919,30.6327892510091,57.9522466067098));
#4174=CARTESIAN_POINT('Ctrl Pts',(-29.9881946188919,30.,57.9522466067098));
#4175=CARTESIAN_POINT('Ctrl Pts',(-29.4835778346249,30.,57.7539068869808));
#4176=CARTESIAN_POINT('Ctrl Pts',(-29.4835778346249,29.4479667200921,57.7539068869808));
#4177=CARTESIAN_POINT('Ctrl Pts',(-29.2220985347971,28.349704838777,57.7058755308898));
#4178=CARTESIAN_POINT('Ctrl Pts',(-27.7920943323326,26.5829615463152,57.4429630729319));
#4179=CARTESIAN_POINT('Ctrl Pts',(-24.8225522130265,26.0136615242685,56.8951797494127));
#4180=CARTESIAN_POINT('Ctrl Pts',(-22.146570938068,28.2902261874893,56.3964788670358));
#4181=CARTESIAN_POINT('Ctrl Pts',(-22.1507311262045,31.7087494537813,56.3972417151817));
#4182=CARTESIAN_POINT('Ctrl Pts',(-24.8213837228175,33.9921403831611,56.8950015766659));
#4183=CARTESIAN_POINT('Ctrl Pts',(-27.7910137380083,33.4140372990714,57.4427569061877));
#4184=CARTESIAN_POINT('Ctrl Pts',(-29.2214842879743,31.6494821136724,57.7057639751434));
#4185=CARTESIAN_POINT('Ctrl Pts',(-29.4835778346249,30.5520332799079,57.7539068869808));
#4186=CARTESIAN_POINT('Ctrl Pts',(-29.4835778346249,30.,57.7539068869808));
#4187=CARTESIAN_POINT('Ctrl Pts',(-28.8030402355607,30.,57.0910534764202));
#4188=CARTESIAN_POINT('Ctrl Pts',(-28.8030402355607,29.5672151188845,57.0910534764202));
#4189=CARTESIAN_POINT('Ctrl Pts',(-28.5936877559199,28.7073328703015,57.0431519534086));
#4190=CARTESIAN_POINT('Ctrl Pts',(-27.455535030194,27.3372622093705,56.7812382936764));
#4191=CARTESIAN_POINT('Ctrl Pts',(-25.1374173590119,26.9681416271534,56.2367405094589));
#4192=CARTESIAN_POINT('Ctrl Pts',(-23.1849839139949,28.745706838412,55.746014965553));
#4193=CARTESIAN_POINT('Ctrl Pts',(-23.1885933927095,31.253844852707,55.7467809393219));
#4194=CARTESIAN_POINT('Ctrl Pts',(-25.1355069308307,33.036875059804,56.236532511987));
#4195=CARTESIAN_POINT('Ctrl Pts',(-27.4546894250772,32.6597230722668,56.7810334877519));
#4196=CARTESIAN_POINT('Ctrl Pts',(-28.5931924544247,31.2918930730108,57.0430356645701));
#4197=CARTESIAN_POINT('Ctrl Pts',(-28.8030402355607,30.4327848811155,57.0910534764202));
#4198=CARTESIAN_POINT('Ctrl Pts',(-28.8030402355607,30.,57.0910534764202));
#4199=CARTESIAN_POINT('Ctrl Pts',(-28.5974054548235,30.,56.4277460907089));
#4200=CARTESIAN_POINT('Ctrl Pts',(-28.5974054548235,29.6156808599789,56.4277460907089));
#4201=CARTESIAN_POINT('Ctrl Pts',(-28.4149490023633,28.8507553031632,56.3755914282657));
#4202=CARTESIAN_POINT('Ctrl Pts',(-27.4175247961904,27.6233000745447,56.0890803479369));
#4203=CARTESIAN_POINT('Ctrl Pts',(-25.3583144619389,27.2382838189905,55.4860314721214));
#4204=CARTESIAN_POINT('Ctrl Pts',(-23.5200142936011,28.8201716902952,54.9168703230121));
#4205=CARTESIAN_POINT('Ctrl Pts',(-23.5225226094953,31.1791773783128,54.9176246062075));
#4206=CARTESIAN_POINT('Ctrl Pts',(-25.3574627097391,32.7654697758346,55.4859952564681));
#4207=CARTESIAN_POINT('Ctrl Pts',(-27.4171087002167,32.374560625468,56.0888807052589));
#4208=CARTESIAN_POINT('Ctrl Pts',(-28.4144329354384,31.1487189795358,56.375463029442));
#4209=CARTESIAN_POINT('Ctrl Pts',(-28.5974054548235,30.3843191400211,56.4277460907089));
#4210=CARTESIAN_POINT('Ctrl Pts',(-28.5974054548235,30.,56.4277460907089));
#4211=CARTESIAN_POINT('Ctrl Pts',(-28.5974054548235,30.,56.028813690253));
#4212=CARTESIAN_POINT('Ctrl Pts',(-28.5974054548235,29.6260008745726,56.028813690253));
#4213=CARTESIAN_POINT('Ctrl Pts',(-28.4249768550701,28.8809795666987,55.9740868243649));
#4214=CARTESIAN_POINT('Ctrl Pts',(-27.4752235851071,27.6703392585642,55.6726459966459));
#4215=CARTESIAN_POINT('Ctrl Pts',(-25.462482645459,27.2110883723268,55.0338250375402));
#4216=CARTESIAN_POINT('Ctrl Pts',(-23.5169704725326,28.7581513816252,54.4163417202496));
#4217=CARTESIAN_POINT('Ctrl Pts',(-23.5195562681952,31.2408055888318,54.417162422225));
#4218=CARTESIAN_POINT('Ctrl Pts',(-25.462608077561,32.7924831244911,55.0338648482551));
#4219=CARTESIAN_POINT('Ctrl Pts',(-27.47444232364,32.3282777129222,55.6723980331897));
#4220=CARTESIAN_POINT('Ctrl Pts',(-28.4246278117208,31.1185844047719,55.973976041997));
#4221=CARTESIAN_POINT('Ctrl Pts',(-28.5974054548235,30.3739991254274,56.028813690253));
#4222=CARTESIAN_POINT('Ctrl Pts',(-28.5974054548235,30.,56.028813690253));
#4223=CARTESIAN_POINT('',(-28.5974054548235,30.,56.028813690253));
#4224=CARTESIAN_POINT('Origin',(-30.5974054548235,30.,56.028813690253));
#4225=CARTESIAN_POINT('Origin',(-26.0974054548235,30.,55.2353422770649));
#4226=CARTESIAN_POINT('Origin',(-26.0974054548235,30.,-2.30000000000025));
#4227=CARTESIAN_POINT('',(-28.5974054548235,30.,1.99999999999977));
#4228=CARTESIAN_POINT('',(-28.5974054548235,30.,-2.30000000000025));
#4229=CARTESIAN_POINT('',(-23.5974054548235,30.,1.99999999999978));
#4230=CARTESIAN_POINT('Origin',(-26.0974054548235,30.,1.99999999999978));
#4231=CARTESIAN_POINT('Origin',(-26.0974054548235,30.,1.99999999999978));
#4232=CARTESIAN_POINT('Origin',(-26.0974054548235,30.,1.99999999999978));
#4233=CARTESIAN_POINT('',(-21.5974054548235,30.,-2.51421750822007E-13));
#4234=CARTESIAN_POINT('Origin',(-21.5974054548235,30.,1.99999999999978));
#4235=CARTESIAN_POINT('Origin',(-26.0974054548235,30.,-2.56461518688411E-13));
#4236=CARTESIAN_POINT('Origin',(165.,0.,-4.05231403988182E-14));
#4237=CARTESIAN_POINT('',(-2.3,-80.7,-2.29517567956526E-13));
#4238=CARTESIAN_POINT('',(-2.3,80.7,0.));
#4239=CARTESIAN_POINT('',(-2.3,0.,-2.30926389122033E-13));
#4240=CARTESIAN_POINT('',(-49.894810909647,80.7,-2.83561734845892E-13));
#4241=CARTESIAN_POINT('',(110.701297272588,80.7,-1.02140518265514E-13));
#4242=CARTESIAN_POINT('',(-49.894810909647,-80.7,-2.83561734845892E-13));
#4243=CARTESIAN_POINT('',(-49.894810909647,0.,-2.83334303062654E-13));
#4244=CARTESIAN_POINT('',(110.701297272588,-80.7,-1.02140518265514E-13));
#4245=CARTESIAN_POINT('',(-21.5974054548235,-30.,-2.51421750822007E-13));
#4246=CARTESIAN_POINT('Origin',(-26.0974054548235,-30.,-2.56461518688411E-13));
#4247=CARTESIAN_POINT('Origin',(-26.0974054548235,-30.,1.99999999999978));
#4248=CARTESIAN_POINT('Origin',(-21.5974054548235,-30.,1.99999999999978));
#4249=CARTESIAN_POINT('Origin',(-13.194810909647,-83.,7.69999999999972));
#4250=CARTESIAN_POINT('',(-13.194810909647,80.7,7.69999999999972));
#4251=CARTESIAN_POINT('',(-13.194810909647,80.7,37.6999999999997));
#4252=CARTESIAN_POINT('',(-13.194810909647,80.7,19.3258383540866));
#4253=CARTESIAN_POINT('',(-13.194810909647,83.,7.69999999999972));
#4254=CARTESIAN_POINT('',(-13.194810909647,-83.,7.69999999999972));
#4255=CARTESIAN_POINT('',(-13.194810909647,83.,37.6999999999997));
#4256=CARTESIAN_POINT('',(-13.194810909647,83.,19.3258383540866));
#4257=CARTESIAN_POINT('',(-13.194810909647,-83.,37.6999999999997));
#4258=CARTESIAN_POINT('Origin',(-13.194810909647,-83.,7.69999999999972));
#4259=CARTESIAN_POINT('',(-13.194810909647,-80.7,37.6999999999997));
#4260=CARTESIAN_POINT('',(-13.194810909647,-80.7,7.69999999999972));
#4261=CARTESIAN_POINT('',(-13.194810909647,-80.7,19.3258383540866));
#4262=CARTESIAN_POINT('',(-13.194810909647,-83.,37.6999999999997));
#4263=CARTESIAN_POINT('',(-13.194810909647,-83.,37.6999999999997));
#4264=CARTESIAN_POINT('',(-13.194810909647,-83.,7.69999999999972));
#4265=CARTESIAN_POINT('',(-13.194810909647,-83.,19.3258383540866));
#4266=CARTESIAN_POINT('',(-13.194810909647,-83.,7.69999999999972));
#4267=CARTESIAN_POINT('Origin',(-13.194810909647,-83.,37.6999999999997));
#4268=CARTESIAN_POINT('',(-9.19481090964704,80.7,37.6999999999997));
#4269=CARTESIAN_POINT('',(21.6038918177647,80.7,37.6999999999997));
#4270=CARTESIAN_POINT('',(-9.19481090964704,83.,37.6999999999997));
#4271=CARTESIAN_POINT('',(21.6038918177647,83.,37.6999999999997));
#4272=CARTESIAN_POINT('',(-9.19481090964704,-83.,37.6999999999997));
#4273=CARTESIAN_POINT('Origin',(-9.19481090964703,-83.,7.69999999999972));
#4274=CARTESIAN_POINT('',(-9.19481090964703,80.7,7.69999999999972));
#4275=CARTESIAN_POINT('',(23.6038918177647,80.7,7.69999999999972));
#4276=CARTESIAN_POINT('',(-9.19481090964703,83.,7.69999999999972));
#4277=CARTESIAN_POINT('',(-9.19481090964703,-83.,7.69999999999972));
#4278=CARTESIAN_POINT('',(23.6038918177647,83.,7.69999999999972));
#4279=CARTESIAN_POINT('Origin',(-9.19481090964703,-83.,7.69999999999972));
#4280=CARTESIAN_POINT('',(-9.19481090964703,-80.7,7.69999999999972));
#4281=CARTESIAN_POINT('',(23.6038918177647,-80.7,7.69999999999972));
#4282=CARTESIAN_POINT('',(-9.19481090964703,-83.,7.69999999999972));
#4283=CARTESIAN_POINT('',(23.6038918177647,-83.,7.69999999999972));
#4284=CARTESIAN_POINT('',(-9.19481090964703,-83.,7.69999999999972));
#4285=CARTESIAN_POINT('Origin',(-9.19481090964704,-83.,37.6999999999997));
#4286=CARTESIAN_POINT('',(-9.19481090964704,80.7,34.3258383540866));
#4287=CARTESIAN_POINT('',(-9.19481090964704,83.,34.3258383540866));
#4288=CARTESIAN_POINT('Origin',(-9.19481090964704,-83.,37.6999999999997));
#4289=CARTESIAN_POINT('',(-9.19481090964704,-80.7,37.6999999999997));
#4290=CARTESIAN_POINT('',(-9.19481090964704,-80.7,34.3258383540866));
#4291=CARTESIAN_POINT('',(-9.19481090964704,-83.,37.6999999999997));
#4292=CARTESIAN_POINT('',(-9.19481090964704,-83.,34.3258383540866));
#4293=CARTESIAN_POINT('',(-9.19481090964704,-83.,37.6999999999997));
#4294=CARTESIAN_POINT('Origin',(-13.194810909647,-83.,37.6999999999997));
#4295=CARTESIAN_POINT('',(21.6038918177647,-80.7,37.6999999999997));
#4296=CARTESIAN_POINT('',(21.6038918177647,-83.,37.6999999999997));
#4297=CARTESIAN_POINT('Origin',(-27.694810909647,-83.,7.69999999999972));
#4298=CARTESIAN_POINT('',(-27.694810909647,80.7,7.69999999999972));
#4299=CARTESIAN_POINT('',(-27.694810909647,80.7,37.6999999999997));
#4300=CARTESIAN_POINT('',(-27.694810909647,80.7,19.3258383540866));
#4301=CARTESIAN_POINT('',(-27.694810909647,83.,7.69999999999972));
#4302=CARTESIAN_POINT('',(-27.694810909647,-83.,7.69999999999972));
#4303=CARTESIAN_POINT('',(-27.694810909647,83.,37.6999999999997));
#4304=CARTESIAN_POINT('',(-27.694810909647,83.,19.3258383540866));
#4305=CARTESIAN_POINT('',(-27.694810909647,-83.,37.6999999999997));
#4306=CARTESIAN_POINT('Origin',(-27.694810909647,-83.,7.69999999999972));
#4307=CARTESIAN_POINT('',(-27.694810909647,-80.7,37.6999999999997));
#4308=CARTESIAN_POINT('',(-27.694810909647,-80.7,7.69999999999972));
#4309=CARTESIAN_POINT('',(-27.694810909647,-80.7,19.3258383540866));
#4310=CARTESIAN_POINT('',(-27.694810909647,-83.,37.6999999999997));
#4311=CARTESIAN_POINT('',(-27.694810909647,-83.,37.6999999999997));
#4312=CARTESIAN_POINT('',(-27.694810909647,-83.,7.69999999999972));
#4313=CARTESIAN_POINT('',(-27.694810909647,-83.,19.3258383540866));
#4314=CARTESIAN_POINT('',(-27.694810909647,-83.,7.69999999999972));
#4315=CARTESIAN_POINT('Origin',(-27.694810909647,-83.,37.6999999999997));
#4316=CARTESIAN_POINT('',(-23.694810909647,80.7,37.6999999999997));
#4317=CARTESIAN_POINT('',(14.3538918177647,80.7,37.6999999999997));
#4318=CARTESIAN_POINT('',(-23.694810909647,83.,37.6999999999997));
#4319=CARTESIAN_POINT('',(14.3538918177647,83.,37.6999999999997));
#4320=CARTESIAN_POINT('',(-23.694810909647,-83.,37.6999999999997));
#4321=CARTESIAN_POINT('Origin',(-23.694810909647,-83.,7.69999999999972));
#4322=CARTESIAN_POINT('',(-23.694810909647,80.7,7.69999999999972));
#4323=CARTESIAN_POINT('',(16.3538918177647,80.7,7.69999999999972));
#4324=CARTESIAN_POINT('',(-23.694810909647,83.,7.69999999999972));
#4325=CARTESIAN_POINT('',(-23.694810909647,-83.,7.69999999999972));
#4326=CARTESIAN_POINT('',(16.3538918177647,83.,7.69999999999972));
#4327=CARTESIAN_POINT('Origin',(-23.694810909647,-83.,7.69999999999972));
#4328=CARTESIAN_POINT('',(-23.694810909647,-80.7,7.69999999999972));
#4329=CARTESIAN_POINT('',(16.3538918177647,-80.7,7.69999999999972));
#4330=CARTESIAN_POINT('',(-23.694810909647,-83.,7.69999999999972));
#4331=CARTESIAN_POINT('',(16.3538918177647,-83.,7.69999999999972));
#4332=CARTESIAN_POINT('',(-23.694810909647,-83.,7.69999999999972));
#4333=CARTESIAN_POINT('Origin',(-23.694810909647,-83.,37.6999999999997));
#4334=CARTESIAN_POINT('',(-23.694810909647,80.7,34.3258383540866));
#4335=CARTESIAN_POINT('',(-23.694810909647,83.,34.3258383540866));
#4336=CARTESIAN_POINT('Origin',(-23.694810909647,-83.,37.6999999999997));
#4337=CARTESIAN_POINT('',(-23.694810909647,-80.7,37.6999999999997));
#4338=CARTESIAN_POINT('',(-23.694810909647,-80.7,34.3258383540866));
#4339=CARTESIAN_POINT('',(-23.694810909647,-83.,37.6999999999997));
#4340=CARTESIAN_POINT('',(-23.694810909647,-83.,34.3258383540866));
#4341=CARTESIAN_POINT('',(-23.694810909647,-83.,37.6999999999997));
#4342=CARTESIAN_POINT('Origin',(-27.694810909647,-83.,37.6999999999997));
#4343=CARTESIAN_POINT('',(14.3538918177647,-80.7,37.6999999999997));
#4344=CARTESIAN_POINT('',(14.3538918177647,-83.,37.6999999999997));
#4345=CARTESIAN_POINT('Origin',(-42.194810909647,-83.,7.69999999999972));
#4346=CARTESIAN_POINT('',(-42.194810909647,80.7,7.69999999999972));
#4347=CARTESIAN_POINT('',(-42.194810909647,80.7,37.6999999999997));
#4348=CARTESIAN_POINT('',(-42.194810909647,80.7,19.3258383540866));
#4349=CARTESIAN_POINT('',(-42.194810909647,83.,7.69999999999972));
#4350=CARTESIAN_POINT('',(-42.194810909647,-83.,7.69999999999972));
#4351=CARTESIAN_POINT('',(-42.194810909647,83.,37.6999999999997));
#4352=CARTESIAN_POINT('',(-42.194810909647,83.,19.3258383540866));
#4353=CARTESIAN_POINT('',(-42.194810909647,-83.,37.6999999999997));
#4354=CARTESIAN_POINT('Origin',(-42.194810909647,-83.,7.69999999999972));
#4355=CARTESIAN_POINT('',(-42.194810909647,-80.7,37.6999999999997));
#4356=CARTESIAN_POINT('',(-42.194810909647,-80.7,7.69999999999972));
#4357=CARTESIAN_POINT('',(-42.194810909647,-80.7,19.3258383540866));
#4358=CARTESIAN_POINT('',(-42.194810909647,-83.,37.6999999999997));
#4359=CARTESIAN_POINT('',(-42.194810909647,-83.,37.6999999999997));
#4360=CARTESIAN_POINT('',(-42.194810909647,-83.,7.69999999999972));
#4361=CARTESIAN_POINT('',(-42.194810909647,-83.,19.3258383540866));
#4362=CARTESIAN_POINT('',(-42.194810909647,-83.,7.69999999999972));
#4363=CARTESIAN_POINT('Origin',(-42.194810909647,-83.,37.6999999999997));
#4364=CARTESIAN_POINT('',(-38.194810909647,80.7,37.6999999999997));
#4365=CARTESIAN_POINT('',(7.10389181776471,80.7,37.6999999999997));
#4366=CARTESIAN_POINT('',(-38.194810909647,83.,37.6999999999997));
#4367=CARTESIAN_POINT('',(7.10389181776471,83.,37.6999999999997));
#4368=CARTESIAN_POINT('',(-38.194810909647,-83.,37.6999999999997));
#4369=CARTESIAN_POINT('Origin',(-38.194810909647,-83.,7.69999999999972));
#4370=CARTESIAN_POINT('',(-38.194810909647,80.7,7.69999999999972));
#4371=CARTESIAN_POINT('',(9.10389181776472,80.7,7.69999999999972));
#4372=CARTESIAN_POINT('',(-38.194810909647,83.,7.69999999999972));
#4373=CARTESIAN_POINT('',(-38.194810909647,-83.,7.69999999999972));
#4374=CARTESIAN_POINT('',(9.10389181776472,83.,7.69999999999972));
#4375=CARTESIAN_POINT('Origin',(-38.194810909647,-83.,7.69999999999972));
#4376=CARTESIAN_POINT('',(-38.194810909647,-80.7,7.69999999999972));
#4377=CARTESIAN_POINT('',(9.10389181776472,-80.7,7.69999999999972));
#4378=CARTESIAN_POINT('',(-38.194810909647,-83.,7.69999999999972));
#4379=CARTESIAN_POINT('',(9.10389181776472,-83.,7.69999999999972));
#4380=CARTESIAN_POINT('',(-38.194810909647,-83.,7.69999999999972));
#4381=CARTESIAN_POINT('Origin',(-38.194810909647,-83.,37.6999999999997));
#4382=CARTESIAN_POINT('',(-38.194810909647,80.7,34.3258383540866));
#4383=CARTESIAN_POINT('',(-38.194810909647,83.,34.3258383540866));
#4384=CARTESIAN_POINT('Origin',(-38.194810909647,-83.,37.6999999999997));
#4385=CARTESIAN_POINT('',(-38.194810909647,-80.7,37.6999999999997));
#4386=CARTESIAN_POINT('',(-38.194810909647,-80.7,34.3258383540866));
#4387=CARTESIAN_POINT('',(-38.194810909647,-83.,37.6999999999997));
#4388=CARTESIAN_POINT('',(-38.194810909647,-83.,34.3258383540866));
#4389=CARTESIAN_POINT('',(-38.194810909647,-83.,37.6999999999997));
#4390=CARTESIAN_POINT('Origin',(-42.194810909647,-83.,37.6999999999997));
#4391=CARTESIAN_POINT('',(7.10389181776471,-80.7,37.6999999999997));
#4392=CARTESIAN_POINT('',(7.10389181776471,-83.,37.6999999999997));
#4393=CARTESIAN_POINT('Origin',(-52.194810909647,-10.3935218960027,32.6999999999997));
#4394=CARTESIAN_POINT('',(-2.3,-10.3935218960027,32.6999999999997));
#4395=CARTESIAN_POINT('',(-2.3,-10.3935218960027,37.6999999999997));
#4396=CARTESIAN_POINT('',(-2.3,-10.3935218960027,43.8499999999999));
#4397=CARTESIAN_POINT('',(0.,-10.3935218960027,32.6999999999997));
#4398=CARTESIAN_POINT('',(-52.194810909647,-10.3935218960027,32.6999999999997));
#4399=CARTESIAN_POINT('',(0.,-10.3935218960027,37.6999999999997));
#4400=CARTESIAN_POINT('',(0.,-10.3935218960027,43.8499999999999));
#4401=CARTESIAN_POINT('',(-52.194810909647,-10.3935218960027,37.6999999999997));
#4402=CARTESIAN_POINT('Origin',(-52.194810909647,-10.3935218960027,32.6999999999997));
#4403=CARTESIAN_POINT('',(-49.894810909647,-10.3935218960027,37.6999999999997));
#4404=CARTESIAN_POINT('',(-49.894810909647,-10.3935218960027,32.6999999999997));
#4405=CARTESIAN_POINT('',(-49.894810909647,-10.3935218960027,15.1999999999997));
#4406=CARTESIAN_POINT('',(-52.194810909647,-10.3935218960027,37.6999999999997));
#4407=CARTESIAN_POINT('',(-52.194810909647,-10.3935218960027,37.6999999999997));
#4408=CARTESIAN_POINT('',(-52.194810909647,-10.3935218960027,32.6999999999997));
#4409=CARTESIAN_POINT('',(-52.194810909647,-10.3935218960027,15.1999999999997));
#4410=CARTESIAN_POINT('',(-52.194810909647,-10.3935218960027,32.6999999999997));
#4411=CARTESIAN_POINT('Origin',(-52.194810909647,-10.3935218960027,37.6999999999997));
#4412=CARTESIAN_POINT('',(-2.3,-50.3935218960027,37.6999999999997));
#4413=CARTESIAN_POINT('',(-2.3,-5.19676094800135,37.6999999999997));
#4414=CARTESIAN_POINT('',(0.,-50.3935218960027,37.6999999999997));
#4415=CARTESIAN_POINT('',(0.,-5.19676094800135,37.6999999999997));
#4416=CARTESIAN_POINT('',(-52.194810909647,-50.3935218960027,37.6999999999997));
#4417=CARTESIAN_POINT('Origin',(-52.194810909647,-50.3935218960027,32.6999999999997));
#4418=CARTESIAN_POINT('',(-2.3,-50.3935218960027,32.6999999999997));
#4419=CARTESIAN_POINT('',(-2.3,-25.1967609480013,32.6999999999997));
#4420=CARTESIAN_POINT('',(0.,-50.3935218960027,32.6999999999997));
#4421=CARTESIAN_POINT('',(-52.194810909647,-50.3935218960027,32.6999999999997));
#4422=CARTESIAN_POINT('',(0.,-25.1967609480013,32.6999999999997));
#4423=CARTESIAN_POINT('Origin',(-52.194810909647,-50.3935218960027,32.6999999999997));
#4424=CARTESIAN_POINT('',(-49.894810909647,-50.3935218960027,32.6999999999997));
#4425=CARTESIAN_POINT('',(-49.894810909647,-25.1967609480013,32.6999999999997));
#4426=CARTESIAN_POINT('',(-52.194810909647,-50.3935218960027,32.6999999999997));
#4427=CARTESIAN_POINT('',(-52.194810909647,-25.1967609480013,32.6999999999997));
#4428=CARTESIAN_POINT('',(-52.194810909647,-50.3935218960027,32.6999999999997));
#4429=CARTESIAN_POINT('Origin',(-52.194810909647,-50.3935218960027,37.6999999999997));
#4430=CARTESIAN_POINT('',(-2.3,-50.3935218960027,46.3499999999999));
#4431=CARTESIAN_POINT('',(0.,-50.3935218960027,46.3499999999999));
#4432=CARTESIAN_POINT('Origin',(-52.194810909647,-50.3935218960027,37.6999999999997));
#4433=CARTESIAN_POINT('',(-49.894810909647,-50.3935218960027,37.6999999999997));
#4434=CARTESIAN_POINT('',(-49.894810909647,-50.3935218960027,17.6999999999997));
#4435=CARTESIAN_POINT('',(-52.194810909647,-50.3935218960027,37.6999999999997));
#4436=CARTESIAN_POINT('',(-52.194810909647,-50.3935218960027,17.6999999999997));
#4437=CARTESIAN_POINT('',(-52.194810909647,-50.3935218960027,37.6999999999997));
#4438=CARTESIAN_POINT('Origin',(-52.194810909647,-10.3935218960027,37.6999999999997));
#4439=CARTESIAN_POINT('',(-49.894810909647,-5.19676094800135,37.6999999999997));
#4440=CARTESIAN_POINT('',(-52.194810909647,-5.19676094800135,37.6999999999997));
#4441=CARTESIAN_POINT('Origin',(-52.194810909647,50.3935218960027,32.6999999999997));
#4442=CARTESIAN_POINT('',(-2.3,50.3935218960027,32.6999999999997));
#4443=CARTESIAN_POINT('',(-2.3,50.3935218960027,37.6999999999997));
#4444=CARTESIAN_POINT('',(-2.3,50.3935218960027,43.8499999999999));
#4445=CARTESIAN_POINT('',(0.,50.3935218960027,32.6999999999997));
#4446=CARTESIAN_POINT('',(-52.194810909647,50.3935218960027,32.6999999999997));
#4447=CARTESIAN_POINT('',(0.,50.3935218960027,37.6999999999997));
#4448=CARTESIAN_POINT('',(0.,50.3935218960027,43.8499999999999));
#4449=CARTESIAN_POINT('',(-52.194810909647,50.3935218960027,37.6999999999997));
#4450=CARTESIAN_POINT('Origin',(-52.194810909647,50.3935218960027,32.6999999999997));
#4451=CARTESIAN_POINT('',(-49.894810909647,50.3935218960027,37.6999999999997));
#4452=CARTESIAN_POINT('',(-49.894810909647,50.3935218960027,32.6999999999997));
#4453=CARTESIAN_POINT('',(-49.894810909647,50.3935218960027,15.1999999999997));
#4454=CARTESIAN_POINT('',(-52.194810909647,50.3935218960027,37.6999999999997));
#4455=CARTESIAN_POINT('',(-52.194810909647,50.3935218960027,37.6999999999997));
#4456=CARTESIAN_POINT('',(-52.194810909647,50.3935218960027,32.6999999999997));
#4457=CARTESIAN_POINT('',(-52.194810909647,50.3935218960027,15.1999999999997));
#4458=CARTESIAN_POINT('',(-52.194810909647,50.3935218960027,32.6999999999997));
#4459=CARTESIAN_POINT('Origin',(-52.194810909647,50.3935218960027,37.6999999999997));
#4460=CARTESIAN_POINT('',(-2.3,10.3935218960027,37.6999999999997));
#4461=CARTESIAN_POINT('',(-2.3,25.1967609480013,37.6999999999997));
#4462=CARTESIAN_POINT('',(0.,10.3935218960027,37.6999999999997));
#4463=CARTESIAN_POINT('',(0.,25.1967609480013,37.6999999999997));
#4464=CARTESIAN_POINT('',(-52.194810909647,10.3935218960027,37.6999999999997));
#4465=CARTESIAN_POINT('Origin',(-52.194810909647,10.3935218960027,32.6999999999997));
#4466=CARTESIAN_POINT('',(-2.3,10.3935218960027,32.6999999999997));
#4467=CARTESIAN_POINT('',(-2.3,5.19676094800134,32.6999999999997));
#4468=CARTESIAN_POINT('',(0.,10.3935218960027,32.6999999999997));
#4469=CARTESIAN_POINT('',(-52.194810909647,10.3935218960027,32.6999999999997));
#4470=CARTESIAN_POINT('',(0.,5.19676094800134,32.6999999999997));
#4471=CARTESIAN_POINT('Origin',(-52.194810909647,10.3935218960027,32.6999999999997));
#4472=CARTESIAN_POINT('',(-49.894810909647,10.3935218960027,32.6999999999997));
#4473=CARTESIAN_POINT('',(-49.894810909647,5.19676094800135,32.6999999999997));
#4474=CARTESIAN_POINT('',(-52.194810909647,10.3935218960027,32.6999999999997));
#4475=CARTESIAN_POINT('',(-52.194810909647,5.19676094800135,32.6999999999997));
#4476=CARTESIAN_POINT('',(-52.194810909647,10.3935218960027,32.6999999999997));
#4477=CARTESIAN_POINT('Origin',(-52.194810909647,10.3935218960027,37.6999999999997));
#4478=CARTESIAN_POINT('',(-2.3,10.3935218960027,46.3499999999999));
#4479=CARTESIAN_POINT('',(0.,10.3935218960027,46.3499999999999));
#4480=CARTESIAN_POINT('Origin',(-52.194810909647,10.3935218960027,37.6999999999997));
#4481=CARTESIAN_POINT('',(-49.894810909647,10.3935218960027,37.6999999999997));
#4482=CARTESIAN_POINT('',(-49.894810909647,10.3935218960027,17.6999999999997));
#4483=CARTESIAN_POINT('',(-52.194810909647,10.3935218960027,37.6999999999997));
#4484=CARTESIAN_POINT('',(-52.194810909647,10.3935218960027,17.6999999999997));
#4485=CARTESIAN_POINT('',(-52.194810909647,10.3935218960027,37.6999999999997));
#4486=CARTESIAN_POINT('Origin',(-52.194810909647,50.3935218960027,37.6999999999997));
#4487=CARTESIAN_POINT('',(-49.894810909647,25.1967609480013,37.6999999999997));
#4488=CARTESIAN_POINT('',(-52.194810909647,25.1967609480013,37.6999999999997));
#4489=CARTESIAN_POINT('Origin',(-52.194810909647,-10.3935218960027,20.1999999999997));
#4490=CARTESIAN_POINT('',(-2.3,-10.3935218960027,20.1999999999997));
#4491=CARTESIAN_POINT('',(-2.3,-10.3935218960027,25.1999999999997));
#4492=CARTESIAN_POINT('',(-2.3,-10.3935218960027,37.5999999999999));
#4493=CARTESIAN_POINT('',(0.,-10.3935218960027,20.1999999999997));
#4494=CARTESIAN_POINT('',(-52.194810909647,-10.3935218960027,20.1999999999997));
#4495=CARTESIAN_POINT('',(0.,-10.3935218960027,25.1999999999997));
#4496=CARTESIAN_POINT('',(0.,-10.3935218960027,37.5999999999999));
#4497=CARTESIAN_POINT('',(-52.194810909647,-10.3935218960027,25.1999999999997));
#4498=CARTESIAN_POINT('Origin',(-52.194810909647,-10.3935218960027,20.1999999999997));
#4499=CARTESIAN_POINT('',(-49.894810909647,-10.3935218960027,25.1999999999997));
#4500=CARTESIAN_POINT('',(-49.894810909647,-10.3935218960027,20.1999999999997));
#4501=CARTESIAN_POINT('',(-49.894810909647,-10.3935218960027,8.94999999999971));
#4502=CARTESIAN_POINT('',(-52.194810909647,-10.3935218960027,25.1999999999997));
#4503=CARTESIAN_POINT('',(-52.194810909647,-10.3935218960027,25.1999999999997));
#4504=CARTESIAN_POINT('',(-52.194810909647,-10.3935218960027,20.1999999999997));
#4505=CARTESIAN_POINT('',(-52.194810909647,-10.3935218960027,8.94999999999971));
#4506=CARTESIAN_POINT('',(-52.194810909647,-10.3935218960027,20.1999999999997));
#4507=CARTESIAN_POINT('Origin',(-52.194810909647,-10.3935218960027,25.1999999999997));
#4508=CARTESIAN_POINT('',(-2.3,-50.3935218960027,25.1999999999997));
#4509=CARTESIAN_POINT('',(-2.3,-5.19676094800134,25.1999999999997));
#4510=CARTESIAN_POINT('',(0.,-50.3935218960027,25.1999999999997));
#4511=CARTESIAN_POINT('',(0.,-5.19676094800134,25.1999999999997));
#4512=CARTESIAN_POINT('',(-52.194810909647,-50.3935218960027,25.1999999999997));
#4513=CARTESIAN_POINT('Origin',(-52.194810909647,-50.3935218960027,20.1999999999997));
#4514=CARTESIAN_POINT('',(-2.3,-50.3935218960027,20.1999999999997));
#4515=CARTESIAN_POINT('',(-2.3,-25.1967609480013,20.1999999999997));
#4516=CARTESIAN_POINT('',(0.,-50.3935218960027,20.1999999999997));
#4517=CARTESIAN_POINT('',(-52.194810909647,-50.3935218960027,20.1999999999997));
#4518=CARTESIAN_POINT('',(0.,-25.1967609480013,20.1999999999997));
#4519=CARTESIAN_POINT('Origin',(-52.194810909647,-50.3935218960027,20.1999999999997));
#4520=CARTESIAN_POINT('',(-49.894810909647,-50.3935218960027,20.1999999999997));
#4521=CARTESIAN_POINT('',(-49.894810909647,-25.1967609480013,20.1999999999997));
#4522=CARTESIAN_POINT('',(-52.194810909647,-50.3935218960027,20.1999999999997));
#4523=CARTESIAN_POINT('',(-52.194810909647,-25.1967609480013,20.1999999999997));
#4524=CARTESIAN_POINT('',(-52.194810909647,-50.3935218960027,20.1999999999997));
#4525=CARTESIAN_POINT('Origin',(-52.194810909647,-50.3935218960027,25.1999999999997));
#4526=CARTESIAN_POINT('',(-2.3,-50.3935218960027,40.0999999999999));
#4527=CARTESIAN_POINT('',(0.,-50.3935218960027,40.0999999999999));
#4528=CARTESIAN_POINT('Origin',(-52.194810909647,-50.3935218960027,25.1999999999997));
#4529=CARTESIAN_POINT('',(-49.894810909647,-50.3935218960027,25.1999999999997));
#4530=CARTESIAN_POINT('',(-49.894810909647,-50.3935218960027,11.4499999999997));
#4531=CARTESIAN_POINT('',(-52.194810909647,-50.3935218960027,25.1999999999997));
#4532=CARTESIAN_POINT('',(-52.194810909647,-50.3935218960027,11.4499999999997));
#4533=CARTESIAN_POINT('',(-52.194810909647,-50.3935218960027,25.1999999999997));
#4534=CARTESIAN_POINT('Origin',(-52.194810909647,-10.3935218960027,25.1999999999997));
#4535=CARTESIAN_POINT('',(-49.894810909647,-5.19676094800135,25.1999999999997));
#4536=CARTESIAN_POINT('',(-52.194810909647,-5.19676094800135,25.1999999999997));
#4537=CARTESIAN_POINT('Origin',(-52.194810909647,50.3935218960027,20.1999999999997));
#4538=CARTESIAN_POINT('',(-2.3,50.3935218960027,20.1999999999997));
#4539=CARTESIAN_POINT('',(-2.3,50.3935218960027,25.1999999999997));
#4540=CARTESIAN_POINT('',(-2.3,50.3935218960027,37.5999999999999));
#4541=CARTESIAN_POINT('',(0.,50.3935218960027,20.1999999999997));
#4542=CARTESIAN_POINT('',(-52.194810909647,50.3935218960027,20.1999999999997));
#4543=CARTESIAN_POINT('',(0.,50.3935218960027,25.1999999999997));
#4544=CARTESIAN_POINT('',(0.,50.3935218960027,37.5999999999999));
#4545=CARTESIAN_POINT('',(-52.194810909647,50.3935218960027,25.1999999999997));
#4546=CARTESIAN_POINT('Origin',(-52.194810909647,50.3935218960027,20.1999999999997));
#4547=CARTESIAN_POINT('',(-49.894810909647,50.3935218960027,25.1999999999997));
#4548=CARTESIAN_POINT('',(-49.894810909647,50.3935218960027,20.1999999999997));
#4549=CARTESIAN_POINT('',(-49.894810909647,50.3935218960027,8.94999999999971));
#4550=CARTESIAN_POINT('',(-52.194810909647,50.3935218960027,25.1999999999997));
#4551=CARTESIAN_POINT('',(-52.194810909647,50.3935218960027,25.1999999999997));
#4552=CARTESIAN_POINT('',(-52.194810909647,50.3935218960027,20.1999999999997));
#4553=CARTESIAN_POINT('',(-52.194810909647,50.3935218960027,8.94999999999971));
#4554=CARTESIAN_POINT('',(-52.194810909647,50.3935218960027,20.1999999999997));
#4555=CARTESIAN_POINT('Origin',(-52.194810909647,50.3935218960027,25.1999999999997));
#4556=CARTESIAN_POINT('',(-2.3,10.3935218960027,25.1999999999997));
#4557=CARTESIAN_POINT('',(-2.3,25.1967609480013,25.1999999999997));
#4558=CARTESIAN_POINT('',(0.,10.3935218960027,25.1999999999997));
#4559=CARTESIAN_POINT('',(0.,25.1967609480013,25.1999999999997));
#4560=CARTESIAN_POINT('',(-52.194810909647,10.3935218960027,25.1999999999997));
#4561=CARTESIAN_POINT('Origin',(-52.194810909647,10.3935218960027,20.1999999999997));
#4562=CARTESIAN_POINT('',(-2.3,10.3935218960027,20.1999999999997));
#4563=CARTESIAN_POINT('',(-2.3,5.19676094800134,20.1999999999997));
#4564=CARTESIAN_POINT('',(0.,10.3935218960027,20.1999999999997));
#4565=CARTESIAN_POINT('',(-52.194810909647,10.3935218960027,20.1999999999997));
#4566=CARTESIAN_POINT('',(0.,5.19676094800134,20.1999999999997));
#4567=CARTESIAN_POINT('Origin',(-52.194810909647,10.3935218960027,20.1999999999997));
#4568=CARTESIAN_POINT('',(-49.894810909647,10.3935218960027,20.1999999999997));
#4569=CARTESIAN_POINT('',(-49.894810909647,5.19676094800135,20.1999999999997));
#4570=CARTESIAN_POINT('',(-52.194810909647,10.3935218960027,20.1999999999997));
#4571=CARTESIAN_POINT('',(-52.194810909647,5.19676094800135,20.1999999999997));
#4572=CARTESIAN_POINT('',(-52.194810909647,10.3935218960027,20.1999999999997));
#4573=CARTESIAN_POINT('Origin',(-52.194810909647,10.3935218960027,25.1999999999997));
#4574=CARTESIAN_POINT('',(-2.3,10.3935218960027,40.0999999999999));
#4575=CARTESIAN_POINT('',(0.,10.3935218960027,40.0999999999999));
#4576=CARTESIAN_POINT('Origin',(-52.194810909647,10.3935218960027,25.1999999999997));
#4577=CARTESIAN_POINT('',(-49.894810909647,10.3935218960027,25.1999999999997));
#4578=CARTESIAN_POINT('',(-49.894810909647,10.3935218960027,11.4499999999997));
#4579=CARTESIAN_POINT('',(-52.194810909647,10.3935218960027,25.1999999999997));
#4580=CARTESIAN_POINT('',(-52.194810909647,10.3935218960027,11.4499999999997));
#4581=CARTESIAN_POINT('',(-52.194810909647,10.3935218960027,25.1999999999997));
#4582=CARTESIAN_POINT('Origin',(-52.194810909647,50.3935218960027,25.1999999999997));
#4583=CARTESIAN_POINT('',(-49.894810909647,25.1967609480013,25.1999999999997));
#4584=CARTESIAN_POINT('',(-52.194810909647,25.1967609480013,25.1999999999997));
#4585=CARTESIAN_POINT('Origin',(-52.194810909647,50.3935218960027,7.69999999999971));
#4586=CARTESIAN_POINT('',(-49.894810909647,50.3935218960027,12.6999999999997));
#4587=CARTESIAN_POINT('',(-49.894810909647,50.3935218960027,7.69999999999971));
#4588=CARTESIAN_POINT('',(-49.894810909647,50.3935218960027,2.69999999999971));
#4589=CARTESIAN_POINT('',(-52.194810909647,50.3935218960027,12.6999999999997));
#4590=CARTESIAN_POINT('',(-52.194810909647,50.3935218960027,12.6999999999997));
#4591=CARTESIAN_POINT('',(-52.194810909647,50.3935218960027,7.69999999999971));
#4592=CARTESIAN_POINT('',(-52.194810909647,50.3935218960027,2.69999999999971));
#4593=CARTESIAN_POINT('',(-52.194810909647,50.3935218960027,7.69999999999971));
#4594=CARTESIAN_POINT('Origin',(-52.194810909647,50.3935218960027,7.69999999999971));
#4595=CARTESIAN_POINT('',(0.,50.3935218960027,12.6999999999997));
#4596=CARTESIAN_POINT('',(0.,50.3935218960027,7.69999999999972));
#4597=CARTESIAN_POINT('',(0.,50.3935218960027,31.3499999999999));
#4598=CARTESIAN_POINT('',(-2.3,50.3935218960027,12.6999999999997));
#4599=CARTESIAN_POINT('',(-52.194810909647,50.3935218960027,12.6999999999997));
#4600=CARTESIAN_POINT('',(-2.3,50.3935218960027,7.69999999999972));
#4601=CARTESIAN_POINT('',(-2.3,50.3935218960027,31.3499999999999));
#4602=CARTESIAN_POINT('',(-52.194810909647,50.3935218960027,7.69999999999971));
#4603=CARTESIAN_POINT('Origin',(-52.194810909647,10.3935218960027,7.69999999999971));
#4604=CARTESIAN_POINT('',(-49.894810909647,10.3935218960027,7.69999999999971));
#4605=CARTESIAN_POINT('',(-49.894810909647,5.19676094800135,7.69999999999971));
#4606=CARTESIAN_POINT('',(-52.194810909647,10.3935218960027,7.69999999999971));
#4607=CARTESIAN_POINT('',(-52.194810909647,5.19676094800135,7.69999999999971));
#4608=CARTESIAN_POINT('',(-52.194810909647,10.3935218960027,7.69999999999971));
#4609=CARTESIAN_POINT('Origin',(-52.194810909647,10.3935218960027,7.69999999999971));
#4610=CARTESIAN_POINT('',(0.,10.3935218960027,7.69999999999973));
#4611=CARTESIAN_POINT('',(0.,5.19676094800134,7.69999999999973));
#4612=CARTESIAN_POINT('',(-2.3,10.3935218960027,7.69999999999973));
#4613=CARTESIAN_POINT('',(-2.3,5.19676094800134,7.69999999999973));
#4614=CARTESIAN_POINT('',(-52.194810909647,10.3935218960027,7.69999999999971));
#4615=CARTESIAN_POINT('Origin',(-52.194810909647,50.3935218960027,12.6999999999997));
#4616=CARTESIAN_POINT('',(-49.894810909647,10.3935218960027,12.6999999999997));
#4617=CARTESIAN_POINT('',(-49.894810909647,25.1967609480013,12.6999999999997));
#4618=CARTESIAN_POINT('',(-52.194810909647,10.3935218960027,12.6999999999997));
#4619=CARTESIAN_POINT('',(-52.194810909647,10.3935218960027,12.6999999999997));
#4620=CARTESIAN_POINT('',(-52.194810909647,25.1967609480013,12.6999999999997));
#4621=CARTESIAN_POINT('Origin',(-52.194810909647,10.3935218960027,12.6999999999997));
#4622=CARTESIAN_POINT('',(-49.894810909647,10.3935218960027,5.19999999999971));
#4623=CARTESIAN_POINT('',(-52.194810909647,10.3935218960027,5.19999999999971));
#4624=CARTESIAN_POINT('Origin',(-52.194810909647,10.3935218960027,12.6999999999997));
#4625=CARTESIAN_POINT('',(0.,10.3935218960027,12.6999999999997));
#4626=CARTESIAN_POINT('',(0.,10.3935218960027,33.8499999999999));
#4627=CARTESIAN_POINT('',(-2.3,10.3935218960027,12.6999999999997));
#4628=CARTESIAN_POINT('',(-2.3,10.3935218960027,33.8499999999999));
#4629=CARTESIAN_POINT('',(-52.194810909647,10.3935218960027,12.6999999999997));
#4630=CARTESIAN_POINT('Origin',(-52.194810909647,50.3935218960027,12.6999999999997));
#4631=CARTESIAN_POINT('',(0.,25.1967609480013,12.6999999999997));
#4632=CARTESIAN_POINT('',(-2.3,25.1967609480013,12.6999999999997));
#4633=CARTESIAN_POINT('Origin',(-52.194810909647,-10.3935218960027,7.69999999999971));
#4634=CARTESIAN_POINT('',(-49.894810909647,-10.3935218960027,12.6999999999997));
#4635=CARTESIAN_POINT('',(-49.894810909647,-10.3935218960027,7.69999999999971));
#4636=CARTESIAN_POINT('',(-49.894810909647,-10.3935218960027,2.69999999999971));
#4637=CARTESIAN_POINT('',(-52.194810909647,-10.3935218960027,12.6999999999997));
#4638=CARTESIAN_POINT('',(-52.194810909647,-10.3935218960027,12.6999999999997));
#4639=CARTESIAN_POINT('',(-52.194810909647,-10.3935218960027,7.69999999999971));
#4640=CARTESIAN_POINT('',(-52.194810909647,-10.3935218960027,2.69999999999971));
#4641=CARTESIAN_POINT('',(-52.194810909647,-10.3935218960027,7.69999999999971));
#4642=CARTESIAN_POINT('Origin',(-52.194810909647,-10.3935218960027,7.69999999999971));
#4643=CARTESIAN_POINT('',(0.,-10.3935218960027,12.6999999999997));
#4644=CARTESIAN_POINT('',(0.,-10.3935218960027,7.69999999999973));
#4645=CARTESIAN_POINT('',(0.,-10.3935218960027,31.3499999999999));
#4646=CARTESIAN_POINT('',(-2.3,-10.3935218960027,12.6999999999997));
#4647=CARTESIAN_POINT('',(-52.194810909647,-10.3935218960027,12.6999999999997));
#4648=CARTESIAN_POINT('',(-2.3,-10.3935218960027,7.69999999999973));
#4649=CARTESIAN_POINT('',(-2.3,-10.3935218960027,31.3499999999999));
#4650=CARTESIAN_POINT('',(-52.194810909647,-10.3935218960027,7.69999999999971));
#4651=CARTESIAN_POINT('Origin',(-52.194810909647,-50.3935218960027,7.69999999999971));
#4652=CARTESIAN_POINT('',(-49.894810909647,-50.3935218960027,7.69999999999971));
#4653=CARTESIAN_POINT('',(-49.894810909647,-25.1967609480013,7.69999999999971));
#4654=CARTESIAN_POINT('',(-52.194810909647,-50.3935218960027,7.69999999999971));
#4655=CARTESIAN_POINT('',(-52.194810909647,-25.1967609480013,7.69999999999971));
#4656=CARTESIAN_POINT('',(-52.194810909647,-50.3935218960027,7.69999999999971));
#4657=CARTESIAN_POINT('Origin',(-52.194810909647,-50.3935218960027,7.69999999999971));
#4658=CARTESIAN_POINT('',(0.,-50.3935218960027,7.69999999999973));
#4659=CARTESIAN_POINT('',(0.,-25.1967609480013,7.69999999999973));
#4660=CARTESIAN_POINT('',(-2.3,-50.3935218960027,7.69999999999973));
#4661=CARTESIAN_POINT('',(-2.3,-25.1967609480013,7.69999999999973));
#4662=CARTESIAN_POINT('',(-52.194810909647,-50.3935218960027,7.69999999999971));
#4663=CARTESIAN_POINT('Origin',(-52.194810909647,-10.3935218960027,12.6999999999997));
#4664=CARTESIAN_POINT('',(-49.894810909647,-50.3935218960027,12.6999999999997));
#4665=CARTESIAN_POINT('',(-49.894810909647,-5.19676094800135,12.6999999999997));
#4666=CARTESIAN_POINT('',(-52.194810909647,-50.3935218960027,12.6999999999997));
#4667=CARTESIAN_POINT('',(-52.194810909647,-50.3935218960027,12.6999999999997));
#4668=CARTESIAN_POINT('',(-52.194810909647,-5.19676094800135,12.6999999999997));
#4669=CARTESIAN_POINT('Origin',(-52.194810909647,-50.3935218960027,12.6999999999997));
#4670=CARTESIAN_POINT('',(-49.894810909647,-50.3935218960027,5.19999999999971));
#4671=CARTESIAN_POINT('',(-52.194810909647,-50.3935218960027,5.19999999999971));
#4672=CARTESIAN_POINT('Origin',(-52.194810909647,-50.3935218960027,12.6999999999997));
#4673=CARTESIAN_POINT('',(0.,-50.3935218960027,12.6999999999997));
#4674=CARTESIAN_POINT('',(0.,-50.3935218960027,33.8499999999999));
#4675=CARTESIAN_POINT('',(-2.3,-50.3935218960027,12.6999999999997));
#4676=CARTESIAN_POINT('',(-2.3,-50.3935218960027,33.8499999999999));
#4677=CARTESIAN_POINT('',(-52.194810909647,-50.3935218960027,12.6999999999997));
#4678=CARTESIAN_POINT('Origin',(-52.194810909647,-10.3935218960027,12.6999999999997));
#4679=CARTESIAN_POINT('',(0.,-5.19676094800134,12.6999999999997));
#4680=CARTESIAN_POINT('',(-2.3,-5.19676094800134,12.6999999999997));
#4681=CARTESIAN_POINT('Origin',(56.4025945451765,-80.7,30.9516767081735));
#4682=CARTESIAN_POINT('',(-49.894810909647,-80.7,14.3258383540866));
#4683=CARTESIAN_POINT('',(-2.3,-80.7,42.9758383540867));
#4684=CARTESIAN_POINT('Origin',(-49.894810909647,0.,-2.30000000000028));
#4685=CARTESIAN_POINT('',(-49.894810909647,80.7,14.3258383540866));
#4686=CARTESIAN_POINT('Origin',(56.4025945451765,80.7,30.9516767081735));
#4687=CARTESIAN_POINT('',(-2.3,80.7,42.9758383540867));
#4688=CARTESIAN_POINT('Origin',(-2.3,0.,55.));
#4689=CARTESIAN_POINT('Origin',(2.,0.,2.));
#4690=CARTESIAN_POINT('',(4.,62.,-8.25994374587113E-16));
#4691=CARTESIAN_POINT('',(0.,62.,4.));
#4692=CARTESIAN_POINT('',(9.90992012393771,62.,-5.90992012393772));
#4693=CARTESIAN_POINT('',(4.,83.,-9.79717439317883E-16));
#4694=CARTESIAN_POINT('',(4.,0.,-1.11022302462516E-15));
#4695=CARTESIAN_POINT('',(0.,83.,4.));
#4696=CARTESIAN_POINT('',(8.36272945925074,83.,-4.36272945925073));
#4697=CARTESIAN_POINT('',(0.,0.,4.));
#4698=CARTESIAN_POINT('Origin',(37.5178799832764,62.,5.87819948752549));
#4699=CARTESIAN_POINT('',(0.,62.,20.));
#4700=CARTESIAN_POINT('',(0.,62.,30.4390997437627));
#4701=CARTESIAN_POINT('',(165.,62.,3.99999999999996));
#4702=CARTESIAN_POINT('Ctrl Pts',(0.,62.,20.));
#4703=CARTESIAN_POINT('Ctrl Pts',(1.8375833392096,62.,19.2538400970505));
#4704=CARTESIAN_POINT('Ctrl Pts',(5.63837046514881,62.,17.805571967026));
#4705=CARTESIAN_POINT('Ctrl Pts',(11.7163861680121,62.,15.7653137353931));
#4706=CARTESIAN_POINT('Ctrl Pts',(20.5867054002754,62.,13.3137025965198));
#4707=CARTESIAN_POINT('Ctrl Pts',(33.0339528423884,62.,10.719670072382));
#4708=CARTESIAN_POINT('Ctrl Pts',(46.9511686688545,62.,8.6162350891987));
#4709=CARTESIAN_POINT('Ctrl Pts',(62.4322315577613,62.,6.99762299609968));
#4710=CARTESIAN_POINT('Ctrl Pts',(79.5091987847364,62.,5.81055105508836));
#4711=CARTESIAN_POINT('Ctrl Pts',(98.2077806244692,62.,4.98273277021191));
#4712=CARTESIAN_POINT('Ctrl Pts',(118.568965111335,62.,4.43864486590102));
#4713=CARTESIAN_POINT('Ctrl Pts',(136.238746334273,62.,4.17822203538321));
#4714=CARTESIAN_POINT('Ctrl Pts',(150.299800973584,62.,4.06083987111532));
#4715=CARTESIAN_POINT('Ctrl Pts',(160.039060567318,62.,4.01489505630812));
#4716=CARTESIAN_POINT('Ctrl Pts',(165.,62.,3.99999999999996));
#4717=CARTESIAN_POINT('',(165.,62.,-3.99680288865056E-14));
#4718=CARTESIAN_POINT('',(165.,62.,3.99999999999996));
#4719=CARTESIAN_POINT('',(18.7589399916382,62.,-4.44089209850063E-15));
#4720=CARTESIAN_POINT('Origin',(0.,0.,55.));
#4721=CARTESIAN_POINT('',(0.,83.,54.));
#4722=CARTESIAN_POINT('',(0.,83.,55.));
#4723=CARTESIAN_POINT('',(0.,-83.,54.));
#4724=CARTESIAN_POINT('',(0.,0.,54.));
#4725=CARTESIAN_POINT('',(0.,-83.,4.));
#4726=CARTESIAN_POINT('',(0.,-83.,55.));
#4727=CARTESIAN_POINT('',(0.,-62.,4.));
#4728=CARTESIAN_POINT('',(0.,0.,4.));
#4729=CARTESIAN_POINT('',(0.,-62.,20.));
#4730=CARTESIAN_POINT('',(0.,-62.,30.4390997437627));
#4731=CARTESIAN_POINT('',(0.,-58.,20.));
#4732=CARTESIAN_POINT('',(0.,-62.,20.));
#4733=CARTESIAN_POINT('',(0.,-58.,4.));
#4734=CARTESIAN_POINT('',(0.,-58.,30.4390997437627));
#4735=CARTESIAN_POINT('',(0.,-2.,4.));
#4736=CARTESIAN_POINT('',(0.,0.,4.));
#4737=CARTESIAN_POINT('',(0.,-2.,20.));
#4738=CARTESIAN_POINT('',(0.,-2.,30.4390997437627));
#4739=CARTESIAN_POINT('',(0.,2.,20.));
#4740=CARTESIAN_POINT('',(0.,-2.,20.));
#4741=CARTESIAN_POINT('',(0.,2.,4.));
#4742=CARTESIAN_POINT('',(0.,2.,30.4390997437627));
#4743=CARTESIAN_POINT('',(0.,58.,4.));
#4744=CARTESIAN_POINT('',(0.,0.,4.));
#4745=CARTESIAN_POINT('',(0.,58.,20.));
#4746=CARTESIAN_POINT('',(0.,58.,30.4390997437627));
#4747=CARTESIAN_POINT('',(0.,58.,20.));
#4748=CARTESIAN_POINT('Origin',(2.,0.,2.));
#4749=CARTESIAN_POINT('',(4.,58.,-8.25994374587113E-16));
#4750=CARTESIAN_POINT('',(9.90992012393771,58.,-5.90992012393772));
#4751=CARTESIAN_POINT('',(4.,2.,-8.25994374587113E-16));
#4752=CARTESIAN_POINT('',(9.90992012393771,2.,-5.90992012393772));
#4753=CARTESIAN_POINT('',(4.,0.,-1.11022302462516E-15));
#4754=CARTESIAN_POINT('Origin',(37.5178799832764,2.,5.87819948752549));
#4755=CARTESIAN_POINT('',(165.,2.,3.99999999999996));
#4756=CARTESIAN_POINT('Ctrl Pts',(0.,2.,20.));
#4757=CARTESIAN_POINT('Ctrl Pts',(1.8375833392096,2.,19.2538400970505));
#4758=CARTESIAN_POINT('Ctrl Pts',(5.63837046514881,2.,17.805571967026));
#4759=CARTESIAN_POINT('Ctrl Pts',(11.7163861680121,2.,15.7653137353931));
#4760=CARTESIAN_POINT('Ctrl Pts',(20.5867054002754,2.,13.3137025965198));
#4761=CARTESIAN_POINT('Ctrl Pts',(33.0339528423884,2.,10.719670072382));
#4762=CARTESIAN_POINT('Ctrl Pts',(46.9511686688545,2.,8.6162350891987));
#4763=CARTESIAN_POINT('Ctrl Pts',(62.4322315577613,2.,6.99762299609968));
#4764=CARTESIAN_POINT('Ctrl Pts',(79.5091987847364,2.,5.81055105508836));
#4765=CARTESIAN_POINT('Ctrl Pts',(98.2077806244692,2.,4.98273277021191));
#4766=CARTESIAN_POINT('Ctrl Pts',(118.568965111335,2.,4.43864486590102));
#4767=CARTESIAN_POINT('Ctrl Pts',(136.238746334273,2.,4.17822203538321));
#4768=CARTESIAN_POINT('Ctrl Pts',(150.299800973584,2.,4.06083987111532));
#4769=CARTESIAN_POINT('Ctrl Pts',(160.039060567318,2.,4.01489505630812));
#4770=CARTESIAN_POINT('Ctrl Pts',(165.,2.,3.99999999999996));
#4771=CARTESIAN_POINT('',(165.,2.,-3.99680288865056E-14));
#4772=CARTESIAN_POINT('',(165.,2.,3.99999999999996));
#4773=CARTESIAN_POINT('',(18.7589399916382,2.,-4.44089209850063E-15));
#4774=CARTESIAN_POINT('Origin',(2.,0.,2.));
#4775=CARTESIAN_POINT('',(4.,-2.,-8.25994374587113E-16));
#4776=CARTESIAN_POINT('',(9.90992012393771,-2.,-5.90992012393772));
#4777=CARTESIAN_POINT('',(4.,-58.,-8.25994374587113E-16));
#4778=CARTESIAN_POINT('',(9.90992012393771,-58.,-5.90992012393772));
#4779=CARTESIAN_POINT('',(4.,0.,-1.11022302462516E-15));
#4780=CARTESIAN_POINT('Origin',(37.5178799832764,-58.,5.87819948752549));
#4781=CARTESIAN_POINT('',(165.,-58.,3.99999999999996));
#4782=CARTESIAN_POINT('Ctrl Pts',(0.,-58.,20.));
#4783=CARTESIAN_POINT('Ctrl Pts',(1.8375833392096,-58.,19.2538400970505));
#4784=CARTESIAN_POINT('Ctrl Pts',(5.63837046514881,-58.,17.805571967026));
#4785=CARTESIAN_POINT('Ctrl Pts',(11.7163861680121,-58.,15.7653137353931));
#4786=CARTESIAN_POINT('Ctrl Pts',(20.5867054002754,-58.,13.3137025965198));
#4787=CARTESIAN_POINT('Ctrl Pts',(33.0339528423884,-58.,10.719670072382));
#4788=CARTESIAN_POINT('Ctrl Pts',(46.9511686688545,-58.,8.6162350891987));
#4789=CARTESIAN_POINT('Ctrl Pts',(62.4322315577613,-58.,6.99762299609968));
#4790=CARTESIAN_POINT('Ctrl Pts',(79.5091987847364,-58.,5.81055105508836));
#4791=CARTESIAN_POINT('Ctrl Pts',(98.2077806244692,-58.,4.98273277021191));
#4792=CARTESIAN_POINT('Ctrl Pts',(118.568965111335,-58.,4.43864486590102));
#4793=CARTESIAN_POINT('Ctrl Pts',(136.238746334273,-58.,4.17822203538321));
#4794=CARTESIAN_POINT('Ctrl Pts',(150.299800973584,-58.,4.06083987111532));
#4795=CARTESIAN_POINT('Ctrl Pts',(160.039060567318,-58.,4.01489505630812));
#4796=CARTESIAN_POINT('Ctrl Pts',(165.,-58.,3.99999999999996));
#4797=CARTESIAN_POINT('',(165.,-58.,-3.99680288865056E-14));
#4798=CARTESIAN_POINT('',(165.,-58.,3.99999999999996));
#4799=CARTESIAN_POINT('',(18.7589399916382,-58.,-4.44089209850063E-15));
#4800=CARTESIAN_POINT('Origin',(2.,0.,2.));
#4801=CARTESIAN_POINT('',(4.,-62.,-8.25994374587113E-16));
#4802=CARTESIAN_POINT('',(9.90992012393771,-62.,-5.90992012393772));
#4803=CARTESIAN_POINT('',(4.,-83.,-9.79717439317883E-16));
#4804=CARTESIAN_POINT('',(8.36272945925074,-83.,-4.36272945925073));
#4805=CARTESIAN_POINT('',(4.,0.,-1.11022302462516E-15));
#4806=CARTESIAN_POINT('Origin',(0.,0.,0.));
#4807=CARTESIAN_POINT('',(165.,-83.,-4.05231403988182E-14));
#4808=CARTESIAN_POINT('',(0.,-83.,0.));
#4809=CARTESIAN_POINT('',(165.,-62.,-4.05231403988182E-14));
#4810=CARTESIAN_POINT('',(165.,0.,-4.04133443718627E-14));
#4811=CARTESIAN_POINT('',(18.7589399916382,-62.,-4.44089209850063E-15));
#4812=CARTESIAN_POINT('',(45.,-74.,-1.11514012281201E-14));
#4813=CARTESIAN_POINT('Origin',(38.,-74.,-9.43689570931383E-15));
#4814=CARTESIAN_POINT('',(162.,-74.,-3.97396441122179E-14));
#4815=CARTESIAN_POINT('Origin',(155.,-74.,-3.80251385934116E-14));
#4816=CARTESIAN_POINT('Origin',(37.5178799832764,58.,5.87819948752549));
#4817=CARTESIAN_POINT('',(165.,58.,-4.05231403988182E-14));
#4818=CARTESIAN_POINT('',(18.7589399916382,58.,-4.44089209850063E-15));
#4819=CARTESIAN_POINT('',(165.,58.,3.99999999999996));
#4820=CARTESIAN_POINT('',(165.,58.,3.99999999999996));
#4821=CARTESIAN_POINT('Ctrl Pts',(0.,58.,20.));
#4822=CARTESIAN_POINT('Ctrl Pts',(1.8375833392096,58.,19.2538400970505));
#4823=CARTESIAN_POINT('Ctrl Pts',(5.63837046514881,58.,17.805571967026));
#4824=CARTESIAN_POINT('Ctrl Pts',(11.7163861680121,58.,15.7653137353931));
#4825=CARTESIAN_POINT('Ctrl Pts',(20.5867054002754,58.,13.3137025965198));
#4826=CARTESIAN_POINT('Ctrl Pts',(33.0339528423884,58.,10.719670072382));
#4827=CARTESIAN_POINT('Ctrl Pts',(46.9511686688545,58.,8.6162350891987));
#4828=CARTESIAN_POINT('Ctrl Pts',(62.4322315577613,58.,6.99762299609968));
#4829=CARTESIAN_POINT('Ctrl Pts',(79.5091987847364,58.,5.81055105508836));
#4830=CARTESIAN_POINT('Ctrl Pts',(98.2077806244692,58.,4.98273277021191));
#4831=CARTESIAN_POINT('Ctrl Pts',(118.568965111335,58.,4.43864486590102));
#4832=CARTESIAN_POINT('Ctrl Pts',(136.238746334273,58.,4.17822203538321));
#4833=CARTESIAN_POINT('Ctrl Pts',(150.299800973584,58.,4.06083987111532));
#4834=CARTESIAN_POINT('Ctrl Pts',(160.039060567318,58.,4.01489505630812));
#4835=CARTESIAN_POINT('Ctrl Pts',(165.,58.,3.99999999999996));
#4836=CARTESIAN_POINT('Ctrl Pts',(0.,58.,20.));
#4837=CARTESIAN_POINT('Ctrl Pts',(0.,62.,20.));
#4838=CARTESIAN_POINT('Ctrl Pts',(1.8375833392096,58.,19.2538400970505));
#4839=CARTESIAN_POINT('Ctrl Pts',(1.8375833392096,62.,19.2538400970505));
#4840=CARTESIAN_POINT('Ctrl Pts',(5.63837046514881,58.,17.805571967026));
#4841=CARTESIAN_POINT('Ctrl Pts',(5.63837046514881,62.,17.805571967026));
#4842=CARTESIAN_POINT('Ctrl Pts',(11.7163861680121,58.,15.7653137353931));
#4843=CARTESIAN_POINT('Ctrl Pts',(11.7163861680121,62.,15.7653137353931));
#4844=CARTESIAN_POINT('Ctrl Pts',(20.5867054002754,58.,13.3137025965198));
#4845=CARTESIAN_POINT('Ctrl Pts',(20.5867054002754,62.,13.3137025965198));
#4846=CARTESIAN_POINT('Ctrl Pts',(33.0339528423884,58.,10.719670072382));
#4847=CARTESIAN_POINT('Ctrl Pts',(33.0339528423884,62.,10.719670072382));
#4848=CARTESIAN_POINT('Ctrl Pts',(46.9511686688545,58.,8.6162350891987));
#4849=CARTESIAN_POINT('Ctrl Pts',(46.9511686688545,62.,8.6162350891987));
#4850=CARTESIAN_POINT('Ctrl Pts',(62.4322315577613,58.,6.99762299609968));
#4851=CARTESIAN_POINT('Ctrl Pts',(62.4322315577613,62.,6.99762299609968));
#4852=CARTESIAN_POINT('Ctrl Pts',(79.5091987847364,58.,5.81055105508836));
#4853=CARTESIAN_POINT('Ctrl Pts',(79.5091987847364,62.,5.81055105508836));
#4854=CARTESIAN_POINT('Ctrl Pts',(98.2077806244692,58.,4.98273277021191));
#4855=CARTESIAN_POINT('Ctrl Pts',(98.2077806244692,62.,4.98273277021191));
#4856=CARTESIAN_POINT('Ctrl Pts',(118.568965111335,58.,4.43864486590102));
#4857=CARTESIAN_POINT('Ctrl Pts',(118.568965111335,62.,4.43864486590102));
#4858=CARTESIAN_POINT('Ctrl Pts',(136.238746334273,58.,4.17822203538321));
#4859=CARTESIAN_POINT('Ctrl Pts',(136.238746334273,62.,4.17822203538321));
#4860=CARTESIAN_POINT('Ctrl Pts',(150.299800973584,58.,4.06083987111532));
#4861=CARTESIAN_POINT('Ctrl Pts',(150.299800973584,62.,4.06083987111532));
#4862=CARTESIAN_POINT('Ctrl Pts',(160.039060567318,58.,4.01489505630812));
#4863=CARTESIAN_POINT('Ctrl Pts',(160.039060567318,62.,4.01489505630812));
#4864=CARTESIAN_POINT('Ctrl Pts',(165.,58.,3.99999999999996));
#4865=CARTESIAN_POINT('Ctrl Pts',(165.,62.,3.99999999999996));
#4866=CARTESIAN_POINT('',(165.,58.,3.99999999999996));
#4867=CARTESIAN_POINT('Origin',(0.,0.,0.));
#4868=CARTESIAN_POINT('',(165.,83.,-4.05231403988182E-14));
#4869=CARTESIAN_POINT('',(165.,0.,-4.04133443718627E-14));
#4870=CARTESIAN_POINT('',(0.,83.,0.));
#4871=CARTESIAN_POINT('',(45.,74.,-1.11514012281201E-14));
#4872=CARTESIAN_POINT('Origin',(38.,74.,-9.43689570931383E-15));
#4873=CARTESIAN_POINT('',(162.,74.,-3.97396441122179E-14));
#4874=CARTESIAN_POINT('Origin',(155.,74.,-3.80251385934116E-14));
#4875=CARTESIAN_POINT('Origin',(165.,0.,-4.04133443718627E-14));
#4876=CARTESIAN_POINT('',(165.,-83.,-2.30000000000004));
#4877=CARTESIAN_POINT('',(165.,83.,-2.30000000000004));
#4878=CARTESIAN_POINT('',(165.,0.,-2.30000000000004));
#4879=CARTESIAN_POINT('',(165.,83.,-4.04133443718627E-14));
#4880=CARTESIAN_POINT('',(165.,0.,-4.04133443718627E-14));
#4881=CARTESIAN_POINT('',(165.,-2.,3.99999999999996));
#4882=CARTESIAN_POINT('',(165.,-2.,3.99999999999996));
#4883=CARTESIAN_POINT('',(165.,-2.,-4.05231403988182E-14));
#4884=CARTESIAN_POINT('',(165.,-2.,3.99999999999996));
#4885=CARTESIAN_POINT('',(165.,0.,-4.04133443718627E-14));
#4886=CARTESIAN_POINT('',(165.,-62.,3.99999999999996));
#4887=CARTESIAN_POINT('',(165.,-62.,3.99999999999996));
#4888=CARTESIAN_POINT('',(165.,-62.,3.99999999999996));
#4889=CARTESIAN_POINT('',(165.,-83.,-4.04133443718627E-14));
#4890=CARTESIAN_POINT('Origin',(165.,0.,-2.30000000000004));
#4891=CARTESIAN_POINT('',(-52.194810909647,83.,-2.30000000000029));
#4892=CARTESIAN_POINT('',(-52.194810909647,-83.,-2.30000000000029));
#4893=CARTESIAN_POINT('',(-52.194810909647,0.,-2.30000000000029));
#4894=CARTESIAN_POINT('',(165.,83.,-2.30000000000004));
#4895=CARTESIAN_POINT('',(165.,-83.,-2.30000000000004));
#4896=CARTESIAN_POINT('Origin',(-52.194810909647,0.,-2.30000000000029));
#4897=CARTESIAN_POINT('',(-52.194810909647,-83.,63.2033534163473));
#4898=CARTESIAN_POINT('',(-52.194810909647,-83.,-2.30000000000029));
#4899=CARTESIAN_POINT('',(-52.194810909647,83.,63.2033534163473));
#4900=CARTESIAN_POINT('',(-52.194810909647,0.,63.2033534163473));
#4901=CARTESIAN_POINT('',(-52.194810909647,83.,-2.30000000000029));
#4902=CARTESIAN_POINT('Origin',(37.5178799832764,-2.,5.87819948752549));
#4903=CARTESIAN_POINT('',(18.7589399916382,-2.,-4.44089209850063E-15));
#4904=CARTESIAN_POINT('Ctrl Pts',(0.,-2.,20.));
#4905=CARTESIAN_POINT('Ctrl Pts',(1.8375833392096,-2.,19.2538400970505));
#4906=CARTESIAN_POINT('Ctrl Pts',(5.63837046514881,-2.,17.805571967026));
#4907=CARTESIAN_POINT('Ctrl Pts',(11.7163861680121,-2.,15.7653137353931));
#4908=CARTESIAN_POINT('Ctrl Pts',(20.5867054002754,-2.,13.3137025965198));
#4909=CARTESIAN_POINT('Ctrl Pts',(33.0339528423884,-2.,10.719670072382));
#4910=CARTESIAN_POINT('Ctrl Pts',(46.9511686688545,-2.,8.6162350891987));
#4911=CARTESIAN_POINT('Ctrl Pts',(62.4322315577613,-2.,6.99762299609968));
#4912=CARTESIAN_POINT('Ctrl Pts',(79.5091987847364,-2.,5.81055105508836));
#4913=CARTESIAN_POINT('Ctrl Pts',(98.2077806244692,-2.,4.98273277021191));
#4914=CARTESIAN_POINT('Ctrl Pts',(118.568965111335,-2.,4.43864486590102));
#4915=CARTESIAN_POINT('Ctrl Pts',(136.238746334273,-2.,4.17822203538321));
#4916=CARTESIAN_POINT('Ctrl Pts',(150.299800973584,-2.,4.06083987111532));
#4917=CARTESIAN_POINT('Ctrl Pts',(160.039060567318,-2.,4.01489505630812));
#4918=CARTESIAN_POINT('Ctrl Pts',(165.,-2.,3.99999999999996));
#4919=CARTESIAN_POINT('Ctrl Pts',(0.,-2.,20.));
#4920=CARTESIAN_POINT('Ctrl Pts',(0.,2.,20.));
#4921=CARTESIAN_POINT('Ctrl Pts',(1.8375833392096,-2.,19.2538400970505));
#4922=CARTESIAN_POINT('Ctrl Pts',(1.8375833392096,2.,19.2538400970505));
#4923=CARTESIAN_POINT('Ctrl Pts',(5.63837046514881,-2.,17.805571967026));
#4924=CARTESIAN_POINT('Ctrl Pts',(5.63837046514881,2.,17.805571967026));
#4925=CARTESIAN_POINT('Ctrl Pts',(11.7163861680121,-2.,15.7653137353931));
#4926=CARTESIAN_POINT('Ctrl Pts',(11.7163861680121,2.,15.7653137353931));
#4927=CARTESIAN_POINT('Ctrl Pts',(20.5867054002754,-2.,13.3137025965198));
#4928=CARTESIAN_POINT('Ctrl Pts',(20.5867054002754,2.,13.3137025965198));
#4929=CARTESIAN_POINT('Ctrl Pts',(33.0339528423884,-2.,10.719670072382));
#4930=CARTESIAN_POINT('Ctrl Pts',(33.0339528423884,2.,10.719670072382));
#4931=CARTESIAN_POINT('Ctrl Pts',(46.9511686688545,-2.,8.6162350891987));
#4932=CARTESIAN_POINT('Ctrl Pts',(46.9511686688545,2.,8.6162350891987));
#4933=CARTESIAN_POINT('Ctrl Pts',(62.4322315577613,-2.,6.99762299609968));
#4934=CARTESIAN_POINT('Ctrl Pts',(62.4322315577613,2.,6.99762299609968));
#4935=CARTESIAN_POINT('Ctrl Pts',(79.5091987847364,-2.,5.81055105508836));
#4936=CARTESIAN_POINT('Ctrl Pts',(79.5091987847364,2.,5.81055105508836));
#4937=CARTESIAN_POINT('Ctrl Pts',(98.2077806244692,-2.,4.98273277021191));
#4938=CARTESIAN_POINT('Ctrl Pts',(98.2077806244692,2.,4.98273277021191));
#4939=CARTESIAN_POINT('Ctrl Pts',(118.568965111335,-2.,4.43864486590102));
#4940=CARTESIAN_POINT('Ctrl Pts',(118.568965111335,2.,4.43864486590102));
#4941=CARTESIAN_POINT('Ctrl Pts',(136.238746334273,-2.,4.17822203538321));
#4942=CARTESIAN_POINT('Ctrl Pts',(136.238746334273,2.,4.17822203538321));
#4943=CARTESIAN_POINT('Ctrl Pts',(150.299800973584,-2.,4.06083987111532));
#4944=CARTESIAN_POINT('Ctrl Pts',(150.299800973584,2.,4.06083987111532));
#4945=CARTESIAN_POINT('Ctrl Pts',(160.039060567318,-2.,4.01489505630812));
#4946=CARTESIAN_POINT('Ctrl Pts',(160.039060567318,2.,4.01489505630812));
#4947=CARTESIAN_POINT('Ctrl Pts',(165.,-2.,3.99999999999996));
#4948=CARTESIAN_POINT('Ctrl Pts',(165.,2.,3.99999999999996));
#4949=CARTESIAN_POINT('Origin',(0.,0.,0.));
#4950=CARTESIAN_POINT('Origin',(37.5178799832764,-62.,5.87819948752549));
#4951=CARTESIAN_POINT('Ctrl Pts',(0.,-62.,20.));
#4952=CARTESIAN_POINT('Ctrl Pts',(1.8375833392096,-62.,19.2538400970505));
#4953=CARTESIAN_POINT('Ctrl Pts',(5.63837046514881,-62.,17.805571967026));
#4954=CARTESIAN_POINT('Ctrl Pts',(11.7163861680121,-62.,15.7653137353931));
#4955=CARTESIAN_POINT('Ctrl Pts',(20.5867054002754,-62.,13.3137025965198));
#4956=CARTESIAN_POINT('Ctrl Pts',(33.0339528423884,-62.,10.719670072382));
#4957=CARTESIAN_POINT('Ctrl Pts',(46.9511686688545,-62.,8.6162350891987));
#4958=CARTESIAN_POINT('Ctrl Pts',(62.4322315577613,-62.,6.99762299609968));
#4959=CARTESIAN_POINT('Ctrl Pts',(79.5091987847364,-62.,5.81055105508836));
#4960=CARTESIAN_POINT('Ctrl Pts',(98.2077806244692,-62.,4.98273277021191));
#4961=CARTESIAN_POINT('Ctrl Pts',(118.568965111335,-62.,4.43864486590102));
#4962=CARTESIAN_POINT('Ctrl Pts',(136.238746334273,-62.,4.17822203538321));
#4963=CARTESIAN_POINT('Ctrl Pts',(150.299800973584,-62.,4.06083987111532));
#4964=CARTESIAN_POINT('Ctrl Pts',(160.039060567318,-62.,4.01489505630812));
#4965=CARTESIAN_POINT('Ctrl Pts',(165.,-62.,3.99999999999996));
#4966=CARTESIAN_POINT('Ctrl Pts',(0.,-62.,20.));
#4967=CARTESIAN_POINT('Ctrl Pts',(0.,-58.,20.));
#4968=CARTESIAN_POINT('Ctrl Pts',(1.8375833392096,-62.,19.2538400970505));
#4969=CARTESIAN_POINT('Ctrl Pts',(1.8375833392096,-58.,19.2538400970505));
#4970=CARTESIAN_POINT('Ctrl Pts',(5.63837046514881,-62.,17.805571967026));
#4971=CARTESIAN_POINT('Ctrl Pts',(5.63837046514881,-58.,17.805571967026));
#4972=CARTESIAN_POINT('Ctrl Pts',(11.7163861680121,-62.,15.7653137353931));
#4973=CARTESIAN_POINT('Ctrl Pts',(11.7163861680121,-58.,15.7653137353931));
#4974=CARTESIAN_POINT('Ctrl Pts',(20.5867054002754,-62.,13.3137025965198));
#4975=CARTESIAN_POINT('Ctrl Pts',(20.5867054002754,-58.,13.3137025965198));
#4976=CARTESIAN_POINT('Ctrl Pts',(33.0339528423884,-62.,10.719670072382));
#4977=CARTESIAN_POINT('Ctrl Pts',(33.0339528423884,-58.,10.719670072382));
#4978=CARTESIAN_POINT('Ctrl Pts',(46.9511686688545,-62.,8.6162350891987));
#4979=CARTESIAN_POINT('Ctrl Pts',(46.9511686688545,-58.,8.6162350891987));
#4980=CARTESIAN_POINT('Ctrl Pts',(62.4322315577613,-62.,6.99762299609968));
#4981=CARTESIAN_POINT('Ctrl Pts',(62.4322315577613,-58.,6.99762299609968));
#4982=CARTESIAN_POINT('Ctrl Pts',(79.5091987847364,-62.,5.81055105508836));
#4983=CARTESIAN_POINT('Ctrl Pts',(79.5091987847364,-58.,5.81055105508836));
#4984=CARTESIAN_POINT('Ctrl Pts',(98.2077806244692,-62.,4.98273277021191));
#4985=CARTESIAN_POINT('Ctrl Pts',(98.2077806244692,-58.,4.98273277021191));
#4986=CARTESIAN_POINT('Ctrl Pts',(118.568965111335,-62.,4.43864486590102));
#4987=CARTESIAN_POINT('Ctrl Pts',(118.568965111335,-58.,4.43864486590102));
#4988=CARTESIAN_POINT('Ctrl Pts',(136.238746334273,-62.,4.17822203538321));
#4989=CARTESIAN_POINT('Ctrl Pts',(136.238746334273,-58.,4.17822203538321));
#4990=CARTESIAN_POINT('Ctrl Pts',(150.299800973584,-62.,4.06083987111532));
#4991=CARTESIAN_POINT('Ctrl Pts',(150.299800973584,-58.,4.06083987111532));
#4992=CARTESIAN_POINT('Ctrl Pts',(160.039060567318,-62.,4.01489505630812));
#4993=CARTESIAN_POINT('Ctrl Pts',(160.039060567318,-58.,4.01489505630812));
#4994=CARTESIAN_POINT('Ctrl Pts',(165.,-62.,3.99999999999996));
#4995=CARTESIAN_POINT('Ctrl Pts',(165.,-58.,3.99999999999996));
#4996=CARTESIAN_POINT('Origin',(0.,0.,0.));
#4997=CARTESIAN_POINT('Origin',(-8.51597342177602,43.5,58.5324491050267));
#4998=CARTESIAN_POINT('',(-8.51597342177602,38.5,58.5324491050267));
#4999=CARTESIAN_POINT('',(-3.59193465671498,43.5,57.6642082166921));
#5000=CARTESIAN_POINT('Origin',(-8.51597342177602,43.5,58.5324491050267));
#5001=CARTESIAN_POINT('',(-1.96961550602442,43.5,55.3472963553339));
#5002=CARTESIAN_POINT('Origin',(-1.62231915069056,43.5,57.3169118613582));
#5003=CARTESIAN_POINT('Origin',(-8.86326977710987,43.5,56.5628335990024));
#5004=CARTESIAN_POINT('Origin',(-8.51597342177602,43.5,58.5324491050267));
#5005=CARTESIAN_POINT('Origin',(-52.194810909647,0.,64.2033534163473));
#5006=CARTESIAN_POINT('',(-51.2100031566348,-83.,64.0297052386803));
#5007=CARTESIAN_POINT('',(-51.2100031566348,83.,64.0297052386803));
#5008=CARTESIAN_POINT('',(-51.2100031566348,0.,64.0297052386803));
#5009=CARTESIAN_POINT('',(-0.984807753012218,-83.,55.1736481776669));
#5010=CARTESIAN_POINT('',(-52.194810909647,-83.,64.2033534163473));
#5011=CARTESIAN_POINT('',(-0.984807753012218,83.,55.1736481776669));
#5012=CARTESIAN_POINT('',(-0.984807753012215,0.,55.1736481776669));
#5013=CARTESIAN_POINT('',(-52.194810909647,83.,64.2033534163473));
#5014=CARTESIAN_POINT('',(-1.96961550602442,-43.5,55.3472963553339));
#5015=CARTESIAN_POINT('Origin',(-8.86326977710987,-43.5,56.5628335990024));
#5016=CARTESIAN_POINT('',(-36.4378868614517,43.5,61.4249825736764));
#5017=CARTESIAN_POINT('Origin',(-43.3315411325372,43.5,62.6405198173449));
#5018=CARTESIAN_POINT('',(-36.4378868614517,-43.5,61.4249825736764));
#5019=CARTESIAN_POINT('Origin',(-43.3315411325372,-43.5,62.6405198173449));
#5020=CARTESIAN_POINT('Origin',(-8.86326977710987,43.5,56.5628335990024));
#5021=CARTESIAN_POINT('',(-7.47408435577443,38.5,64.4412956231));
#5022=CARTESIAN_POINT('Origin',(-7.47408435577443,43.5,64.4412956231));
#5023=CARTESIAN_POINT('',(-8.86326977710987,38.5,56.5628335990024));
#5024=CARTESIAN_POINT('Origin',(-8.51597342177602,-43.5,58.5324491050267));
#5025=CARTESIAN_POINT('',(-8.51597342177602,-48.5,58.5324491050267));
#5026=CARTESIAN_POINT('',(-3.59193465671498,-43.5,57.6642082166921));
#5027=CARTESIAN_POINT('Origin',(-8.51597342177602,-43.5,58.5324491050267));
#5028=CARTESIAN_POINT('Origin',(-1.62231915069056,-43.5,57.3169118613582));
#5029=CARTESIAN_POINT('Origin',(-8.51597342177602,-43.5,58.5324491050267));
#5030=CARTESIAN_POINT('Origin',(-8.86326977710987,-43.5,56.5628335990024));
#5031=CARTESIAN_POINT('',(-7.47408435577443,-48.5,64.4412956231));
#5032=CARTESIAN_POINT('Origin',(-7.47408435577443,-43.5,64.4412956231));
#5033=CARTESIAN_POINT('',(-8.86326977710987,-48.5,56.5628335990024));
#5034=CARTESIAN_POINT('Origin',(-42.9842447772033,-43.5,64.6101353233693));
#5035=CARTESIAN_POINT('',(-42.9842447772033,-48.5,64.6101353233693));
#5036=CARTESIAN_POINT('',(-38.0602060121423,-43.5,63.7418944350347));
#5037=CARTESIAN_POINT('Origin',(-42.9842447772033,-43.5,64.6101353233693));
#5038=CARTESIAN_POINT('Origin',(-36.0905905061178,-43.5,63.3945980797008));
#5039=CARTESIAN_POINT('Origin',(-42.9842447772033,-43.5,64.6101353233693));
#5040=CARTESIAN_POINT('Origin',(-43.3315411325372,-43.5,62.640519817345));
#5041=CARTESIAN_POINT('',(-41.9423557112017,-48.5,70.5189818414426));
#5042=CARTESIAN_POINT('Origin',(-41.9423557112017,-43.5,70.5189818414426));
#5043=CARTESIAN_POINT('',(-43.3315411325372,-48.5,62.640519817345));
#5044=CARTESIAN_POINT('Origin',(-42.9842447772033,43.5,64.6101353233693));
#5045=CARTESIAN_POINT('',(-42.9842447772033,38.5,64.6101353233693));
#5046=CARTESIAN_POINT('',(-38.0602060121423,43.5,63.7418944350347));
#5047=CARTESIAN_POINT('Origin',(-42.9842447772033,43.5,64.6101353233693));
#5048=CARTESIAN_POINT('Origin',(-36.0905905061178,43.5,63.3945980797008));
#5049=CARTESIAN_POINT('Origin',(-42.9842447772033,43.5,64.6101353233693));
#5050=CARTESIAN_POINT('Origin',(-43.3315411325372,43.5,62.640519817345));
#5051=CARTESIAN_POINT('',(-41.9423557112017,38.5,70.5189818414426));
#5052=CARTESIAN_POINT('Origin',(-41.9423557112017,43.5,70.5189818414426));
#5053=CARTESIAN_POINT('',(-43.3315411325372,38.5,62.640519817345));
#5054=CARTESIAN_POINT('Origin',(155.,74.,2.));
#5055=CARTESIAN_POINT('',(160.,74.,2.));
#5056=CARTESIAN_POINT('Origin',(155.,74.,2.));
#5057=CARTESIAN_POINT('Origin',(162.,74.,2.));
#5058=CARTESIAN_POINT('Origin',(155.,74.,-4.53119315684521E-15));
#5059=CARTESIAN_POINT('',(160.,74.,8.));
#5060=CARTESIAN_POINT('Origin',(155.,74.,8.));
#5061=CARTESIAN_POINT('',(160.,74.,-4.53119315684521E-15));
#5062=CARTESIAN_POINT('Origin',(155.,-74.,2.));
#5063=CARTESIAN_POINT('',(160.,-74.,2.));
#5064=CARTESIAN_POINT('Origin',(155.,-74.,2.));
#5065=CARTESIAN_POINT('Origin',(162.,-74.,2.));
#5066=CARTESIAN_POINT('Origin',(155.,-74.,-4.53119315684521E-15));
#5067=CARTESIAN_POINT('',(160.,-74.,8.));
#5068=CARTESIAN_POINT('Origin',(155.,-74.,8.));
#5069=CARTESIAN_POINT('',(160.,-74.,-4.53119315684521E-15));
#5070=CARTESIAN_POINT('Origin',(38.,74.,2.));
#5071=CARTESIAN_POINT('',(43.,74.,2.));
#5072=CARTESIAN_POINT('Origin',(38.,74.,2.));
#5073=CARTESIAN_POINT('Origin',(45.,74.,2.));
#5074=CARTESIAN_POINT('Origin',(38.,74.,-4.53119315684521E-15));
#5075=CARTESIAN_POINT('',(43.,74.,8.));
#5076=CARTESIAN_POINT('Origin',(38.,74.,8.));
#5077=CARTESIAN_POINT('',(43.,74.,-4.53119315684521E-15));
#5078=CARTESIAN_POINT('Origin',(38.,-74.,2.));
#5079=CARTESIAN_POINT('',(43.,-74.,2.));
#5080=CARTESIAN_POINT('Origin',(38.,-74.,2.));
#5081=CARTESIAN_POINT('Origin',(45.,-74.,2.));
#5082=CARTESIAN_POINT('Origin',(38.,-74.,-4.53119315684521E-15));
#5083=CARTESIAN_POINT('',(43.,-74.,8.));
#5084=CARTESIAN_POINT('Origin',(38.,-74.,8.));
#5085=CARTESIAN_POINT('',(43.,-74.,-4.53119315684521E-15));
#5086=CARTESIAN_POINT('Origin',(155.,74.,7.825));
#5087=CARTESIAN_POINT('',(152.4,74.,8.));
#5088=CARTESIAN_POINT('Origin',(155.,74.,8.));
#5089=CARTESIAN_POINT('',(152.75,74.,7.65));
#5090=CARTESIAN_POINT('',(152.575,74.,7.825));
#5091=CARTESIAN_POINT('Origin',(155.,74.,7.65));
#5092=CARTESIAN_POINT('Origin',(155.,74.,5.));
#5093=CARTESIAN_POINT('',(152.75,74.,2.));
#5094=CARTESIAN_POINT('',(152.75,74.,5.));
#5095=CARTESIAN_POINT('Origin',(155.,74.,2.));
#5096=CARTESIAN_POINT('Origin',(155.,74.,2.));
#5097=CARTESIAN_POINT('Origin',(38.,-74.,7.825));
#5098=CARTESIAN_POINT('',(35.4,-74.,8.));
#5099=CARTESIAN_POINT('Origin',(38.,-74.,8.));
#5100=CARTESIAN_POINT('',(35.75,-74.,7.65));
#5101=CARTESIAN_POINT('',(35.575,-74.,7.825));
#5102=CARTESIAN_POINT('Origin',(38.,-74.,7.65));
#5103=CARTESIAN_POINT('Origin',(38.,-74.,5.));
#5104=CARTESIAN_POINT('',(35.75,-74.,2.));
#5105=CARTESIAN_POINT('',(35.75,-74.,5.));
#5106=CARTESIAN_POINT('Origin',(38.,-74.,2.));
#5107=CARTESIAN_POINT('Origin',(38.,-74.,2.));
#5108=CARTESIAN_POINT('Origin',(38.,74.,7.825));
#5109=CARTESIAN_POINT('',(35.4,74.,8.));
#5110=CARTESIAN_POINT('Origin',(38.,74.,8.));
#5111=CARTESIAN_POINT('',(35.75,74.,7.65));
#5112=CARTESIAN_POINT('',(35.575,74.,7.825));
#5113=CARTESIAN_POINT('Origin',(38.,74.,7.65));
#5114=CARTESIAN_POINT('Origin',(38.,74.,5.));
#5115=CARTESIAN_POINT('',(35.75,74.,2.));
#5116=CARTESIAN_POINT('',(35.75,74.,5.));
#5117=CARTESIAN_POINT('Origin',(38.,74.,2.));
#5118=CARTESIAN_POINT('Origin',(38.,74.,2.));
#5119=CARTESIAN_POINT('Origin',(155.,-74.,7.825));
#5120=CARTESIAN_POINT('',(152.4,-74.,8.));
#5121=CARTESIAN_POINT('Origin',(155.,-74.,8.));
#5122=CARTESIAN_POINT('',(152.75,-74.,7.65));
#5123=CARTESIAN_POINT('',(152.575,-74.,7.825));
#5124=CARTESIAN_POINT('Origin',(155.,-74.,7.65));
#5125=CARTESIAN_POINT('Origin',(155.,-74.,5.));
#5126=CARTESIAN_POINT('',(152.75,-74.,2.));
#5127=CARTESIAN_POINT('',(152.75,-74.,5.));
#5128=CARTESIAN_POINT('Origin',(155.,-74.,2.));
#5129=CARTESIAN_POINT('Origin',(155.,-74.,2.));
#5130=CARTESIAN_POINT('Origin',(-7.50447278686615,43.5,64.2689542663229));
#5131=CARTESIAN_POINT('',(-10.0345845136062,43.5,64.8927808850341));
#5132=CARTESIAN_POINT('Origin',(-7.47408435577443,43.5,64.4412956231));
#5133=CARTESIAN_POINT('',(-9.75067866223533,43.5,64.4873213092964));
#5134=CARTESIAN_POINT('',(-9.89263158792075,43.5,64.6900510971652));
#5135=CARTESIAN_POINT('Origin',(-7.53486121795786,43.5,64.0966129095458));
#5136=CARTESIAN_POINT('Origin',(-7.99502888877522,43.5,61.4868723640634));
#5137=CARTESIAN_POINT('',(-10.7317908660535,43.5,58.9231575047774));
#5138=CARTESIAN_POINT('',(-10.2108463330527,43.5,61.877580763814));
#5139=CARTESIAN_POINT('Origin',(-8.51597342177601,43.5,58.5324491050268));
#5140=CARTESIAN_POINT('Origin',(-8.51597342177601,43.5,58.5324491050268));
#5141=CARTESIAN_POINT('Origin',(-7.50447278686615,-43.5,64.2689542663229));
#5142=CARTESIAN_POINT('',(-10.0345845136062,-43.5,64.8927808850341));
#5143=CARTESIAN_POINT('Origin',(-7.47408435577443,-43.5,64.4412956231));
#5144=CARTESIAN_POINT('',(-9.75067866223533,-43.5,64.4873213092964));
#5145=CARTESIAN_POINT('',(-9.89263158792075,-43.5,64.6900510971652));
#5146=CARTESIAN_POINT('Origin',(-7.53486121795786,-43.5,64.0966129095458));
#5147=CARTESIAN_POINT('Origin',(-7.99502888877522,-43.5,61.4868723640634));
#5148=CARTESIAN_POINT('',(-10.7317908660535,-43.5,58.9231575047774));
#5149=CARTESIAN_POINT('',(-10.2108463330527,-43.5,61.877580763814));
#5150=CARTESIAN_POINT('Origin',(-8.51597342177601,-43.5,58.5324491050268));
#5151=CARTESIAN_POINT('Origin',(-8.51597342177601,-43.5,58.5324491050268));
#5152=CARTESIAN_POINT('Origin',(-41.9727441422934,-43.5,70.3466404846654));
#5153=CARTESIAN_POINT('',(-44.5028558690335,-43.5,70.9704671033766));
#5154=CARTESIAN_POINT('Origin',(-41.9423557112017,-43.5,70.5189818414426));
#5155=CARTESIAN_POINT('',(-44.2189500176626,-43.5,70.5650075276389));
#5156=CARTESIAN_POINT('',(-44.360902943348,-43.5,70.7677373155077));
#5157=CARTESIAN_POINT('Origin',(-42.0031325733851,-43.5,70.1742991278883));
#5158=CARTESIAN_POINT('Origin',(-42.4633002442025,-43.5,67.564558582406));
#5159=CARTESIAN_POINT('',(-45.2000622214808,-43.5,65.0008437231199));
#5160=CARTESIAN_POINT('',(-44.67911768848,-43.5,67.9552669821565));
#5161=CARTESIAN_POINT('Origin',(-42.9842447772033,-43.5,64.6101353233693));
#5162=CARTESIAN_POINT('Origin',(-42.9842447772033,-43.5,64.6101353233693));
#5163=CARTESIAN_POINT('Origin',(-41.9727441422934,43.5,70.3466404846654));
#5164=CARTESIAN_POINT('',(-44.5028558690335,43.5,70.9704671033766));
#5165=CARTESIAN_POINT('Origin',(-41.9423557112017,43.5,70.5189818414426));
#5166=CARTESIAN_POINT('',(-44.2189500176626,43.5,70.5650075276389));
#5167=CARTESIAN_POINT('',(-44.360902943348,43.5,70.7677373155077));
#5168=CARTESIAN_POINT('Origin',(-42.0031325733851,43.5,70.1742991278883));
#5169=CARTESIAN_POINT('Origin',(-42.4633002442025,43.5,67.564558582406));
#5170=CARTESIAN_POINT('',(-45.2000622214808,43.5,65.0008437231199));
#5171=CARTESIAN_POINT('',(-44.67911768848,43.5,67.9552669821565));
#5172=CARTESIAN_POINT('Origin',(-42.9842447772033,43.5,64.6101353233693));
#5173=CARTESIAN_POINT('Origin',(-42.9842447772033,43.5,64.6101353233693));
#5174=CARTESIAN_POINT('Origin',(-7.47408435577443,43.5,64.4412956231));
#5175=CARTESIAN_POINT('Origin',(-41.9423557112017,43.5,70.5189818414426));
#5176=CARTESIAN_POINT('Origin',(-7.47408435577443,-43.5,64.4412956231));
#5177=CARTESIAN_POINT('Origin',(-41.9423557112017,-43.5,70.5189818414426));
#5178=CARTESIAN_POINT('Origin',(155.,74.,8.));
#5179=CARTESIAN_POINT('Origin',(38.,-74.,8.));
#5180=CARTESIAN_POINT('Origin',(155.,-74.,8.));
#5181=CARTESIAN_POINT('Origin',(38.,74.,8.));
#5182=CARTESIAN_POINT('Origin',(-51.7024070331409,0.,63.6165293275138));
#5183=CARTESIAN_POINT('',(-28.0252475360044,83.,83.4840251288866));
#5184=CARTESIAN_POINT('',(-28.0252475360044,-83.,83.4840251288866));
#5185=CARTESIAN_POINT('Origin',(56.4025945451765,-83.,30.9516767081735));
#5186=CARTESIAN_POINT('',(17.0804366263577,-83.,33.6443282874607));
#5187=CARTESIAN_POINT('Origin',(-0.492403876506108,0.,54.5868240888335));
#5188=CARTESIAN_POINT('',(17.0804366263577,83.,33.6443282874607));
#5189=CARTESIAN_POINT('Origin',(56.4025945451765,83.,30.9516767081735));
#5190=CARTESIAN_POINT('Origin',(-26.0974054548235,30.,-2.30000000000025));
#5191=CARTESIAN_POINT('',(-27.0974054548235,30.,57.4425224815449));
#5192=CARTESIAN_POINT('Origin',(-26.0974054548235,30.,57.2661955008364));
#5193=CARTESIAN_POINT('',(-27.0974054548235,30.,-2.23832121069204E-13));
#5194=CARTESIAN_POINT('',(-27.0974054548235,30.,-2.30000000000025));
#5195=CARTESIAN_POINT('Origin',(-26.0974054548235,30.,-2.228772721935E-13));
#5196=CARTESIAN_POINT('Origin',(-52.594201718281,0.,61.9382955844192));
#5197=CARTESIAN_POINT('Origin',(165.,0.,-4.05231403988182E-14));
#5198=UNCERTAINTY_MEASURE_WITH_UNIT(LENGTH_MEASURE(0.01),#5202,
'DISTANCE_ACCURACY_VALUE',
'Maximum model space distance between geometric entities at asserted c
onnectivities');
#5199=UNCERTAINTY_MEASURE_WITH_UNIT(LENGTH_MEASURE(0.01),#5202,
'DISTANCE_ACCURACY_VALUE',
'Maximum model space distance between geometric entities at asserted c
onnectivities');
#5200=(
GEOMETRIC_REPRESENTATION_CONTEXT(3)
GLOBAL_UNCERTAINTY_ASSIGNED_CONTEXT((#5198))
GLOBAL_UNIT_ASSIGNED_CONTEXT((#5202,#5204,#5205))
REPRESENTATION_CONTEXT('','3D')
);
#5201=(
GEOMETRIC_REPRESENTATION_CONTEXT(3)
GLOBAL_UNCERTAINTY_ASSIGNED_CONTEXT((#5199))
GLOBAL_UNIT_ASSIGNED_CONTEXT((#5202,#5204,#5205))
REPRESENTATION_CONTEXT('','3D')
);
#5202=(
LENGTH_UNIT()
NAMED_UNIT(*)
SI_UNIT(.MILLI.,.METRE.)
);
#5203=(
LENGTH_UNIT()
NAMED_UNIT(*)
SI_UNIT($,.METRE.)
);
#5204=(
NAMED_UNIT(*)
PLANE_ANGLE_UNIT()
SI_UNIT($,.RADIAN.)
);
#5205=(
NAMED_UNIT(*)
SI_UNIT($,.STERADIAN.)
SOLID_ANGLE_UNIT()
);
#5206=SHAPE_DEFINITION_REPRESENTATION(#5207,#5208);
#5207=PRODUCT_DEFINITION_SHAPE('',$,#5210);
#5208=SHAPE_REPRESENTATION('',(#3012),#5200);
#5209=PRODUCT_DEFINITION_CONTEXT('part definition',#5214,'design');
#5210=PRODUCT_DEFINITION('Chassis','Chassis v13',#5211,#5209);
#5211=PRODUCT_DEFINITION_FORMATION('',$,#5216);
#5212=PRODUCT_RELATED_PRODUCT_CATEGORY('Chassis v13','Chassis v13',(#5216));
#5213=APPLICATION_PROTOCOL_DEFINITION('international standard',
'automotive_design',2009,#5214);
#5214=APPLICATION_CONTEXT(
'Core Data for Automotive Mechanical Design Process');
#5215=PRODUCT_CONTEXT('part definition',#5214,'mechanical');
#5216=PRODUCT('Chassis','Chassis v13',$,(#5215));
#5217=PRESENTATION_STYLE_ASSIGNMENT((#5218));
#5218=SURFACE_STYLE_USAGE(.BOTH.,#5219);
#5219=SURFACE_SIDE_STYLE('',(#5220));
#5220=SURFACE_STYLE_FILL_AREA(#5221);
#5221=FILL_AREA_STYLE('Steel - Satin',(#5222));
#5222=FILL_AREA_STYLE_COLOUR('Steel - Satin',#5223);
#5223=COLOUR_RGB('Steel - Satin',0.627450980392157,0.627450980392157,0.627450980392157);
ENDSEC;
END-ISO-10303-21;
